round,world_label,post_set_seed,world,format,calls,model,users,decisions,minutes,seconds_per_decision,posts,started_at,finished_at
1,ab_s20_scroll_w0,20,0,scroll,1200,llama3.1:8b,25,1200,23.74,1.187,48,2026-09-26T08:52:11.025617,2026-09-26T09:22:26.018279
1,ab_s20_scroll_w0,20,0,scroll,1200,gemma4:e2b,25,1200,6.5,0.325,48,2026-09-26T08:52:11.025617,2026-09-26T09:22:26.018279
2,ab_s20_scroll_w1,20,1,scroll,1200,llama3.1:8b,25,1200,23.88,1.194,48,2026-09-26T09:22:37.645440,2026-09-26T09:53:02.193972
2,ab_s20_scroll_w1,20,1,scroll,1200,gemma4:e2b,25,1200,6.52,0.326,48,2026-09-26T09:22:37.645440,2026-09-26T09:53:02.193972
3,ab_s20_pair_w0,20,0,pair,600,llama3.1:8b,25,600,21.72,2.172,48,2026-09-26T09:53:13.927829,2026-09-26T10:20:34.665974
3,ab_s20_pair_w0,20,0,pair,600,gemma4:e2b,25,600,5.62,0.562,48,2026-09-26T09:53:13.927829,2026-09-26T10:20:34.665974
4,ab_s20_pair_w1,20,1,pair,600,llama3.1:8b,25,600,21.13,2.113,48,2026-09-26T10:20:46.410143,2026-09-26T10:47:31.500032
4,ab_s20_pair_w1,20,1,pair,600,gemma4:e2b,25,600,5.61,0.561,48,2026-09-26T10:20:46.410143,2026-09-26T10:47:31.500032
5,ab_s21_pair_w0,21,0,pair,575,llama3.1:8b,25,575,20.65,2.154,46,2026-09-26T10:52:54.290843,2026-09-26T11:18:55.479682
5,ab_s21_pair_w0,21,0,pair,575,gemma4:e2b,25,575,5.36,0.56,46,2026-09-26T10:52:54.290843,2026-09-26T11:18:55.479682
6,ab_s21_pair_w1,21,1,pair,575,llama3.1:8b,25,575,20.73,2.163,46,2026-09-26T11:19:06.822478,2026-09-26T11:45:14.003280
6,ab_s21_pair_w1,21,1,pair,575,gemma4:e2b,25,575,5.38,0.561,46,2026-09-26T11:19:06.822478,2026-09-26T11:45:14.003280
7,ab_s21_scroll_w0,21,0,scroll,1150,llama3.1:8b,25,1150,22.72,1.185,46,2026-09-26T11:45:25.323802,2026-09-26T12:14:25.185563
7,ab_s21_scroll_w0,21,0,scroll,1150,gemma4:e2b,25,1150,6.27,0.327,46,2026-09-26T11:45:25.323802,2026-09-26T12:14:25.185563
8,ab_s21_scroll_w1,21,1,scroll,1150,llama3.1:8b,25,1150,22.86,1.193,46,2026-09-26T12:14:36.407230,2026-09-26T12:43:43.196526
8,ab_s21_scroll_w1,21,1,scroll,1150,gemma4:e2b,25,1150,6.25,0.326,46,2026-09-26T12:14:36.407230,2026-09-26T12:43:43.196526
9,ab_s22_scroll_w0,22,0,scroll,1250,llama3.1:8b,25,1250,24.47,1.175,50,2026-09-26T12:48:45.752795,2026-09-26T13:19:56.792899
9,ab_s22_scroll_w0,22,0,scroll,1250,gemma4:e2b,25,1250,6.71,0.322,50,2026-09-26T12:48:45.752795,2026-09-26T13:19:56.792899
10,ab_s22_scroll_w1,22,1,scroll,1250,llama3.1:8b,25,1250,24.38,1.17,50,2026-09-26T13:20:08.667110,2026-09-26T13:51:16.518785
10,ab_s22_scroll_w1,22,1,scroll,1250,gemma4:e2b,25,1250,6.74,0.323,50,2026-09-26T13:20:08.667110,2026-09-26T13:51:16.518785
11,ab_s22_pair_w0,22,0,pair,625,llama3.1:8b,25,625,22.14,2.126,50,2026-09-26T13:51:28.368943,2026-09-26T14:19:22.589080
11,ab_s22_pair_w0,22,0,pair,625,gemma4:e2b,25,625,5.75,0.552,50,2026-09-26T13:51:28.368943,2026-09-26T14:19:22.589080
12,ab_s22_pair_w1,22,1,pair,625,llama3.1:8b,25,625,21.74,2.087,50,2026-09-26T14:19:34.461901,2026-09-26T14:47:06.087605
12,ab_s22_pair_w1,22,1,pair,625,gemma4:e2b,25,625,5.78,0.555,50,2026-09-26T14:19:34.461901,2026-09-26T14:47:06.087605
13,ab_s23_pair_w0,23,0,pair,625,llama3.1:8b,25,625,21.82,2.095,50,2026-09-26T14:52:03.382768,2026-09-26T15:19:40.844712
13,ab_s23_pair_w0,23,0,pair,625,gemma4:e2b,25,625,5.8,0.557,50,2026-09-26T14:52:03.382768,2026-09-26T15:19:40.844712
14,ab_s23_pair_w1,23,1,pair,625,llama3.1:8b,25,625,21.92,2.104,50,2026-09-26T15:19:52.690707,2026-09-26T15:47:36.091017
14,ab_s23_pair_w1,23,1,pair,625,gemma4:e2b,25,625,5.79,0.556,50,2026-09-26T15:19:52.690707,2026-09-26T15:47:36.091017
15,ab_s23_scroll_w0,23,0,scroll,1250,llama3.1:8b,25,1250,24.72,1.187,50,2026-09-26T15:47:47.957172,2026-09-26T16:19:14.882022
15,ab_s23_scroll_w0,23,0,scroll,1250,gemma4:e2b,25,1250,6.72,0.322,50,2026-09-26T15:47:47.957172,2026-09-26T16:19:14.882022
16,ab_s23_scroll_w1,23,1,scroll,1250,llama3.1:8b,25,1250,24.67,1.184,50,2026-09-26T16:19:26.779304,2026-09-26T16:50:52.258720
16,ab_s23_scroll_w1,23,1,scroll,1250,gemma4:e2b,25,1250,6.75,0.324,50,2026-09-26T16:19:26.779304,2026-09-26T16:50:52.258720
17,ab_s24_scroll_w0,24,0,scroll,1150,llama3.1:8b,25,1150,23.0,1.2,46,2026-09-26T16:56:00.887829,2026-09-26T17:25:13.372591
17,ab_s24_scroll_w0,24,0,scroll,1150,gemma4:e2b,25,1150,6.2,0.324,46,2026-09-26T16:56:00.887829,2026-09-26T17:25:13.372591
18,ab_s24_scroll_w1,24,1,scroll,1150,llama3.1:8b,25,1150,22.88,1.194,46,2026-09-26T17:25:24.668513,2026-09-26T17:54:31.453243
18,ab_s24_scroll_w1,24,1,scroll,1150,gemma4:e2b,25,1150,6.22,0.325,46,2026-09-26T17:25:24.668513,2026-09-26T17:54:31.453243
19,ab_s24_pair_w0,24,0,pair,575,llama3.1:8b,25,575,20.38,2.126,46,2026-09-26T17:54:42.734422,2026-09-26T18:20:25.736346
19,ab_s24_pair_w0,24,0,pair,575,gemma4:e2b,25,575,5.33,0.556,46,2026-09-26T17:54:42.734422,2026-09-26T18:20:25.736346
20,ab_s24_pair_w1,24,1,pair,575,llama3.1:8b,25,575,20.3,2.118,46,2026-09-26T18:20:36.714853,2026-09-26T18:46:16.846307
20,ab_s24_pair_w1,24,1,pair,575,gemma4:e2b,25,575,5.36,0.56,46,2026-09-26T18:20:36.714853,2026-09-26T18:46:16.846307
21,ab_s25_pair_w0,25,0,pair,625,llama3.1:8b,25,625,22.02,2.113,50,2026-09-26T18:49:41.429594,2026-09-26T19:17:31.037004
21,ab_s25_pair_w0,25,0,pair,625,gemma4:e2b,25,625,5.81,0.557,50,2026-09-26T18:49:41.429594,2026-09-26T19:17:31.037004
22,ab_s25_pair_w1,25,1,pair,625,llama3.1:8b,25,625,21.88,2.1,50,2026-09-26T19:17:42.858905,2026-09-26T19:45:24.974971
22,ab_s25_pair_w1,25,1,pair,625,gemma4:e2b,25,625,5.82,0.559,50,2026-09-26T19:17:42.858905,2026-09-26T19:45:24.974971
23,ab_s25_scroll_w0,25,0,scroll,1250,llama3.1:8b,25,1250,24.71,1.186,50,2026-09-26T19:45:36.818843,2026-09-26T20:17:05.552934
23,ab_s25_scroll_w0,25,0,scroll,1250,gemma4:e2b,25,1250,6.76,0.324,50,2026-09-26T19:45:36.818843,2026-09-26T20:17:05.552934
24,ab_s25_scroll_w1,25,1,scroll,1250,llama3.1:8b,25,1250,24.68,1.185,50,2026-09-26T20:17:17.442645,2026-09-26T20:48:46.041222
24,ab_s25_scroll_w1,25,1,scroll,1250,gemma4:e2b,25,1250,6.79,0.326,50,2026-09-26T20:17:17.442645,2026-09-26T20:48:46.041222
25,ab_s26_scroll_w0,26,0,scroll,950,llama3.1:8b,25,950,19.24,1.215,38,2026-09-26T20:56:17.238824,2026-09-26T21:20:43.733529
25,ab_s26_scroll_w0,26,0,scroll,950,gemma4:e2b,25,950,5.19,0.328,38,2026-09-26T20:56:17.238824,2026-09-26T21:20:43.733529
26,ab_s26_scroll_w1,26,1,scroll,950,llama3.1:8b,25,950,19.23,1.215,38,2026-09-26T21:20:54.079697,2026-09-26T21:45:22.110175
26,ab_s26_scroll_w1,26,1,scroll,950,gemma4:e2b,25,950,5.22,0.33,38,2026-09-26T21:20:54.079697,2026-09-26T21:45:22.110175
27,ab_s26_pair_w0,26,0,pair,475,llama3.1:8b,25,475,16.94,2.14,38,2026-09-26T21:45:32.399021,2026-09-26T22:06:58.748174
27,ab_s26_pair_w0,26,0,pair,475,gemma4:e2b,25,475,4.49,0.567,38,2026-09-26T21:45:32.399021,2026-09-26T22:06:58.748174
28,ab_s26_pair_w1,26,1,pair,475,llama3.1:8b,25,475,17.05,2.154,38,2026-09-26T22:07:09.093663,2026-09-26T22:28:41.470479
28,ab_s26_pair_w1,26,1,pair,475,gemma4:e2b,25,475,4.48,0.566,38,2026-09-26T22:07:09.093663,2026-09-26T22:28:41.470479
29,ab_s27_pair_w0,27,0,pair,550,llama3.1:8b,25,550,19.95,2.176,44,2026-09-26T22:35:02.762884,2026-09-26T23:00:10.866422
29,ab_s27_pair_w0,27,0,pair,550,gemma4:e2b,25,550,5.18,0.565,44,2026-09-26T22:35:02.762884,2026-09-26T23:00:10.866422
30,ab_s27_pair_w1,27,1,pair,550,llama3.1:8b,25,550,19.49,2.126,44,2026-09-26T23:00:21.935460,2026-09-26T23:25:02.281703
30,ab_s27_pair_w1,27,1,pair,550,gemma4:e2b,25,550,5.17,0.565,44,2026-09-26T23:00:21.935460,2026-09-26T23:25:02.281703
31,ab_s27_scroll_w0,27,0,scroll,1100,llama3.1:8b,25,1100,22.06,1.203,44,2026-09-26T23:25:13.323702,2026-09-26T23:53:16.414393
31,ab_s27_scroll_w0,27,0,scroll,1100,gemma4:e2b,25,1100,5.98,0.326,44,2026-09-26T23:25:13.323702,2026-09-26T23:53:16.414393
32,ab_s27_scroll_w1,27,1,scroll,1100,llama3.1:8b,25,1100,21.79,1.188,44,2026-09-26T23:53:27.425895,2026-09-27T00:21:15.622608
32,ab_s27_scroll_w1,27,1,scroll,1100,gemma4:e2b,25,1100,6.01,0.328,44,2026-09-26T23:53:27.425895,2026-09-27T00:21:15.622608
33,ab_s28_scroll_w0,28,0,scroll,1200,llama3.1:8b,25,1200,23.7,1.185,48,2026-09-27T00:27:57.875024,2026-09-27T00:58:09.532319
33,ab_s28_scroll_w0,28,0,scroll,1200,gemma4:e2b,25,1200,6.48,0.324,48,2026-09-27T00:27:57.875024,2026-09-27T00:58:09.532319
34,ab_s28_scroll_w1,28,1,scroll,1200,llama3.1:8b,25,1200,23.89,1.195,48,2026-09-27T00:58:21.119955,2026-09-27T01:28:45.332181
34,ab_s28_scroll_w1,28,1,scroll,1200,gemma4:e2b,25,1200,6.5,0.325,48,2026-09-27T00:58:21.119955,2026-09-27T01:28:45.332181
35,ab_s28_pair_w0,28,0,pair,600,llama3.1:8b,25,600,21.14,2.114,48,2026-09-27T01:28:56.895996,2026-09-27T01:55:41.786466
35,ab_s28_pair_w0,28,0,pair,600,gemma4:e2b,25,600,5.6,0.56,48,2026-09-27T01:28:56.895996,2026-09-27T01:55:41.786466
36,ab_s28_pair_w1,28,1,pair,600,llama3.1:8b,25,600,21.37,2.137,48,2026-09-27T01:55:53.332331,2026-09-27T02:22:52.428598
36,ab_s28_pair_w1,28,1,pair,600,gemma4:e2b,25,600,5.61,0.561,48,2026-09-27T01:55:53.332331,2026-09-27T02:22:52.428598
37,ab_s29_pair_w0,29,0,pair,550,llama3.1:8b,25,550,19.31,2.107,44,2026-09-27T02:29:26.003963,2026-09-27T02:53:56.866347
37,ab_s29_pair_w0,29,0,pair,550,gemma4:e2b,25,550,5.2,0.567,44,2026-09-27T02:29:26.003963,2026-09-27T02:53:56.866347
38,ab_s29_pair_w1,29,1,pair,550,llama3.1:8b,25,550,20.21,2.205,44,2026-09-27T02:54:07.949762,2026-09-27T03:19:32.602495
38,ab_s29_pair_w1,29,1,pair,550,gemma4:e2b,25,550,5.19,0.566,44,2026-09-27T02:54:07.949762,2026-09-27T03:19:32.602495
39,ab_s29_scroll_w0,29,0,scroll,1100,llama3.1:8b,25,1100,22.39,1.221,44,2026-09-27T03:19:43.648447,2026-09-27T03:48:06.744450
39,ab_s29_scroll_w0,29,0,scroll,1100,gemma4:e2b,25,1100,5.99,0.327,44,2026-09-27T03:19:43.648447,2026-09-27T03:48:06.744450
40,ab_s29_scroll_w1,29,1,scroll,1100,llama3.1:8b,25,1100,22.06,1.203,44,2026-09-27T03:48:17.840908,2026-09-27T04:16:22.732632
40,ab_s29_scroll_w1,29,1,scroll,1100,gemma4:e2b,25,1100,6.01,0.328,44,2026-09-27T03:48:17.840908,2026-09-27T04:16:22.732632
41,ab_s30_scroll_w0,30,0,scroll,1150,llama3.1:8b,25,1150,22.75,1.187,46,2026-09-27T04:21:58.735411,2026-09-27T04:50:59.557016
41,ab_s30_scroll_w0,30,0,scroll,1150,gemma4:e2b,25,1150,6.26,0.327,46,2026-09-27T04:21:58.735411,2026-09-27T04:50:59.557016
42,ab_s30_scroll_w1,30,1,scroll,1150,llama3.1:8b,25,1150,22.82,1.19,46,2026-09-27T04:51:10.832477,2026-09-27T05:20:17.205938
42,ab_s30_scroll_w1,30,1,scroll,1150,gemma4:e2b,25,1150,6.28,0.328,46,2026-09-27T04:51:10.832477,2026-09-27T05:20:17.205938
43,ab_s30_pair_w0,30,0,pair,575,llama3.1:8b,25,575,21.04,2.196,46,2026-09-27T05:20:28.535337,2026-09-27T05:46:55.561845
43,ab_s30_pair_w0,30,0,pair,575,gemma4:e2b,25,575,5.4,0.563,46,2026-09-27T05:20:28.535337,2026-09-27T05:46:55.561845
44,ab_s30_pair_w1,30,1,pair,575,llama3.1:8b,25,575,20.34,2.123,46,2026-09-27T05:47:06.764441,2026-09-27T06:12:52.594594
44,ab_s30_pair_w1,30,1,pair,575,gemma4:e2b,25,575,5.41,0.565,46,2026-09-27T05:47:06.764441,2026-09-27T06:12:52.594594
45,ab_s31_pair_w0,31,0,pair,575,llama3.1:8b,25,575,20.12,2.1,46,2026-09-27T06:18:49.213627,2026-09-27T06:44:23.221367
45,ab_s31_pair_w0,31,0,pair,575,gemma4:e2b,25,575,5.44,0.567,46,2026-09-27T06:18:49.213627,2026-09-27T06:44:23.221367
46,ab_s31_pair_w1,31,1,pair,575,llama3.1:8b,25,575,21.0,2.191,46,2026-09-27T06:44:34.584784,2026-09-27T07:11:01.649236
46,ab_s31_pair_w1,31,1,pair,575,gemma4:e2b,25,575,5.44,0.568,46,2026-09-27T06:44:34.584784,2026-09-27T07:11:01.649236
47,ab_s31_scroll_w0,31,0,scroll,1150,llama3.1:8b,25,1150,23.15,1.208,46,2026-09-27T07:11:13.056633,2026-09-27T07:40:39.909914
47,ab_s31_scroll_w0,31,0,scroll,1150,gemma4:e2b,25,1150,6.29,0.328,46,2026-09-27T07:11:13.056633,2026-09-27T07:40:39.909914
48,ab_s31_scroll_w1,31,1,scroll,1150,llama3.1:8b,25,1150,23.34,1.218,46,2026-09-27T07:40:51.308662,2026-09-27T08:10:52.520858
48,ab_s31_scroll_w1,31,1,scroll,1150,gemma4:e2b,25,1150,6.67,0.348,46,2026-09-27T07:40:51.308662,2026-09-27T08:10:52.520858
49,ab_s32_scroll_w0,32,0,scroll,1200,llama3.1:8b,25,1200,25.0,1.25,48,2026-09-27T08:17:13.617674,2026-09-27T08:49:08.000426
49,ab_s32_scroll_w0,32,0,scroll,1200,gemma4:e2b,25,1200,6.9,0.345,48,2026-09-27T08:17:13.617674,2026-09-27T08:49:08.000426
50,ab_s32_scroll_w1,32,1,scroll,1200,llama3.1:8b,25,1200,25.25,1.263,48,2026-09-27T08:49:19.378924,2026-09-27T09:21:29.590139
50,ab_s32_scroll_w1,32,1,scroll,1200,gemma4:e2b,25,1200,6.91,0.345,48,2026-09-27T08:49:19.378924,2026-09-27T09:21:29.590139
51,ab_s32_pair_w0,32,0,pair,600,llama3.1:8b,25,600,22.71,2.271,48,2026-09-27T09:21:40.965834,2026-09-27T09:50:25.392827
51,ab_s32_pair_w0,32,0,pair,600,gemma4:e2b,25,600,6.02,0.602,48,2026-09-27T09:21:40.965834,2026-09-27T09:50:25.392827
52,ab_s32_pair_w1,32,1,pair,600,llama3.1:8b,25,600,22.46,2.246,48,2026-09-27T09:50:36.778622,2026-09-27T10:18:44.591917
52,ab_s32_pair_w1,32,1,pair,600,gemma4:e2b,25,600,5.67,0.567,48,2026-09-27T09:50:36.778622,2026-09-27T10:18:44.591917
