slot,round,topic,like_dd,dislike_dd,words_a,words_b,gap100
201|0|cars,1,cars,0.17000000000000004,0.0,130,125,0.05
201|0|cooking,1,cooking,-0.18000000000000005,0.29,121,240,-1.19
201|0|farming,1,farming,0.08999999999999991,0.0,142,112,0.3
201|0|personal_finance,1,personal_finance,-0.84,-0.01,221,271,-0.5
201|0|tech,1,tech,0.12,-0.09,276,192,0.84
201|1|cars,1,cars,-0.1299999999999999,0.15000000000000008,169,200,-0.31
201|1|cooking,1,cooking,1.05,-0.13,237,164,0.73
201|1|farming,1,farming,0.6100000000000001,-0.16,262,316,-0.54
201|1|personal_finance,1,personal_finance,-0.07999999999999996,0.05,186,255,-0.69
201|1|tech,1,tech,-0.1100000000000001,0.0,126,165,-0.39
201|2|cars,1,cars,-0.19000000000000006,-0.1,112,186,-0.74
201|2|cooking,1,cooking,0.2899999999999999,-0.2,125,144,-0.19
201|2|farming,1,farming,0.050000000000000044,0.0,88,150,-0.62
201|2|personal_finance,1,personal_finance,0.15999999999999992,-0.31000000000000005,130,171,-0.41
201|2|tech,1,tech,0.87,-0.75,155,207,-0.52
201|3|cars,1,cars,-0.69,0.5799999999999998,136,257,-1.21
201|3|cooking,1,cooking,-0.13,0.04,169,228,-0.59
201|3|farming,1,farming,0.21000000000000008,-0.06,161,220,-0.59
201|3|personal_finance,1,personal_finance,0.31000000000000005,0.18000000000000002,258,298,-0.4
201|3|tech,1,tech,-0.04999999999999996,-0.029999999999999995,219,248,-0.29
201|4|cars,1,cars,-0.3899999999999999,0.23999999999999996,109,159,-0.5
201|4|cooking,1,cooking,0.45999999999999996,-0.36999999999999994,154,216,-0.62
201|4|farming,1,farming,0.21999999999999992,-0.21999999999999992,162,200,-0.38
201|4|personal_finance,1,personal_finance,-0.13,0.01,123,221,-0.98
201|4|tech,1,tech,-0.96,0.0,179,313,-1.34
202|0|cars,2,cars,0.29,-0.2899999999999999,147,201,-0.54
202|0|cooking,2,cooking,0.26,-0.23,125,174,-0.49
202|0|farming,2,farming,0.12,0.0,144,193,-0.49
202|0|personal_finance,2,personal_finance,-0.18000000000000005,0.18,220,223,-0.03
202|0|tech,2,tech,-0.07999999999999996,-0.01,110,129,-0.19
202|1|cars,2,cars,0.10999999999999999,0.060000000000000005,240,202,0.38
202|1|cooking,2,cooking,-0.010000000000000009,5.551115123125783e-17,126,139,-0.13
202|1|farming,2,farming,-0.15000000000000002,0.0,121,188,-0.67
202|1|personal_finance,2,personal_finance,-0.06,0.38999999999999996,192,217,-0.25
202|1|tech,2,tech,0.07000000000000006,-0.010000000000000009,197,203,-0.06
202|2|cars,2,cars,-0.040000000000000036,0.07999999999999999,142,190,-0.48
202|2|cooking,2,cooking,0.09000000000000019,0.06,228,259,-0.31
202|2|farming,2,farming,0.29999999999999993,0.0,165,197,-0.32
202|2|personal_finance,2,personal_finance,-0.2599999999999999,0.0,153,110,0.43
202|2|tech,2,tech,0.13000000000000012,-0.11999999999999998,86,149,-0.63
202|3|cars,2,cars,0.42999999999999994,-0.32000000000000006,232,218,0.14
202|3|cooking,2,cooking,0.6699999999999999,-0.63,223,141,0.82
202|3|farming,2,farming,-0.68,0.0,150,196,-0.46
202|3|personal_finance,2,personal_finance,0.17000000000000004,0.0,233,301,-0.68
202|3|tech,2,tech,0.029999999999999916,-0.10999999999999999,201,233,-0.32
202|4|cars,2,cars,0.52,0.09999999999999999,420,212,2.08
202|4|cooking,2,cooking,-0.26,0.07,98,86,0.12
202|4|farming,2,farming,0.14,-0.43,159,157,0.02
202|4|personal_finance,2,personal_finance,0.05999999999999994,0.0,188,214,-0.26
202|4|tech,2,tech,-0.6799999999999999,-0.01,130,223,-0.93
203|0|cars,3,cars,-0.25,0.3100000000000001,132,176,-0.44
203|0|cooking,3,cooking,0.08999999999999997,-0.02,132,192,-0.6
203|0|farming,3,farming,0.38999999999999996,-0.28,122,199,-0.77
203|0|personal_finance,3,personal_finance,0.040000000000000036,-0.09000000000000001,113,188,-0.75
203|0|tech,3,tech,-0.24,0.24,165,153,0.12
203|1|cars,3,cars,0.32999999999999996,-0.04,230,202,0.28
203|1|cooking,3,cooking,0.13,0.06999999999999999,116,161,-0.45
203|1|farming,3,farming,-0.6200000000000001,-0.01,113,217,-1.04
203|1|personal_finance,3,personal_finance,1.0899999999999999,-1.06,125,172,-0.47
203|1|tech,3,tech,0.29000000000000004,-0.29,124,218,-0.94
203|2|cars,3,cars,0.08999999999999997,-0.01,123,137,-0.14
203|2|cooking,3,cooking,-0.38,0.0,104,217,-1.13
203|2|farming,3,farming,-0.16000000000000003,-0.02,114,185,-0.71
203|2|personal_finance,3,personal_finance,0.13,-0.01,116,116,0.0
203|2|tech,3,tech,0.28,-0.09,141,194,-0.53
203|3|cars,3,cars,0.44999999999999996,-0.3,134,129,0.05
203|3|cooking,3,cooking,0.49,-0.04,227,225,0.02
203|3|farming,3,farming,0.17000000000000004,-0.37,134,215,-0.81
203|3|personal_finance,3,personal_finance,-0.24,0.16999999999999998,128,178,-0.5
203|3|tech,3,tech,-0.6699999999999999,0.01,136,245,-1.09
203|4|cars,3,cars,-0.24,-0.07,159,220,-0.61
203|4|cooking,3,cooking,0.019999999999999907,0.010000000000000002,139,131,0.08
203|4|farming,3,farming,0.17000000000000004,-0.03,236,138,0.98
203|4|personal_finance,3,personal_finance,-0.7,0.42,194,284,-0.9
203|4|tech,3,tech,-0.16000000000000003,0.0,140,242,-1.02
