round,written_by_ai,post_key,author_user_id,author_username,subreddit,title,body,words
1,llama3.1:8b,r1|llama3.1-8b|u0|0,0,andrewh47,r/sports,Who's gonna win the Super Bowl?,Just wondering what people think about this season so far...,10
1,llama3.1:8b,r1|llama3.1-8b|u1|0,1,robertb78,r/politics,Just got back from the protest today.,I'm still fired up about what's going on in our country.,11
1,llama3.1:8b,r1|llama3.1-8b|u2|0,2,nicholast63,r/technology,Just installed solar panels on my rural WI property!,Excited to see the savings on my energy bills!,9
1,llama3.1:8b,r1|llama3.1-8b|u3|0,3,bryanm85,r/technology,Just built my own Raspberry Pi cluster at home!,Getting into some serious DIY electronics stuff... can't wait to show it off!,13
1,llama3.1:8b,r1|llama3.1-8b|u5|0,5,jeremyb24,r/politics,Government Accountability Now!,We need to hold our leaders accountable for their actions!,10
1,llama3.1:8b,r1|llama3.1-8b|u7|0,7,malindap46,r/technology,Rural Broadband in PA: My Experience,I've been frustrated with our rural broadband options in Pennsylvania. Has anyone else had to deal with slow speeds and unreliable connections?,22
1,llama3.1:8b,r1|llama3.1-8b|u8|0,8,christab77,r/technology,Exciting Breakthroughs in Renewable Energy,I just read about a new solar panel that can convert 30% more energy from sunlight than current models! Anyone else following this research?,24
1,llama3.1:8b,r1|llama3.1-8b|u9|0,9,davidg75,r/business,Just read a great book on investing...,Looking for recommendations!,3
1,llama3.1:8b,r1|llama3.1-8b|u10|0,10,vernar74,r/entertainment,Just watched the best TV show ever!,I'm obsessed with this new Netflix series! Who else has seen it?,12
1,llama3.1:8b,r1|llama3.1-8b|u11|0,11,laural21,r/sports,Favorite Sports Team?,I'm looking for people to discuss their favorite sports teams!,10
1,llama3.1:8b,r1|llama3.1-8b|u12|0,12,patriciac15,r/politics,New Voting Laws in VA Are a Total Nightmare,Just got back from work and I'm still fuming about the new voting laws. We need to make our voices heard!,21
1,llama3.1:8b,r1|llama3.1-8b|u13|0,13,christophers90,r/business,New Job Opportunity at Local Office Supply Store,Looking for someone to help with office management and administrative tasks.,11
1,llama3.1:8b,r1|llama3.1-8b|u14|0,14,meredithm89,r/politics,The State of Our Democracy,I'm concerned about the current state of politics in our country. We need to take action and demand change!,19
1,llama3.1:8b,r1|llama3.1-8b|u15|0,15,heatherm33,r/business,Just got a sweet deal on stocks!,"I know this is a sensitive topic, but I just had to share my good fortune. Invested in tech and biotech and it's paying off big time!",27
1,llama3.1:8b,r1|llama3.1-8b|u16|0,16,annab87,r/sports,Just played the best game of tennis with my friend!,We had so much fun on the court today!,9
1,llama3.1:8b,r1|llama3.1-8b|u18|0,18,shareet26,r/politics,Opinion: We Need a New System,I've been thinking a lot about our government and I believe it's time for some real change. What do you guys think?,22
1,llama3.1:8b,r1|llama3.1-8b|u19|0,19,ivanw64,r/technology,Just learned about this awesome new AI breakthrough!,I was reading about it in a trade magazine and thought I'd share the excitement with you all. It's going to change everything!,23
1,llama3.1:8b,r1|llama3.1-8b|u20|0,20,sarab15,r/politics,Just had to deal with another politician's incompetence today... ,"Ugh, I swear, some of these people have no idea how the world works. Just fixed a faulty electrical system in a local business because their 'expert' didn't know what they were doing.",33
1,llama3.1:8b,r1|llama3.1-8b|u21|0,21,sharons38,r/business,Just landed a huge deal!,"I'm thrilled to share that I closed a major sale in Q2, exceeding my quarterly targets. What's your favorite sales tactic?",21
1,llama3.1:8b,r1|llama3.1-8b|u22|0,22,tinag23,r/entertainment,Just watched the best movie ever!,"I'm still thinking about it, has anyone else seen it?",10
1,llama3.1:8b,r1|llama3.1-8b|u23|0,23,johnw17,r/entertainment,Just watched an amazing new TV show!,Has anyone else seen it? I'm obsessed!,7
1,llama3.1:8b,r1|llama3.1-8b|u24|0,24,maryl53,r/entertainment,Why I Hate Watching Movies,"I'm just not into it... too many special effects, predictable plots.",11
1,llama3.1:8b,r1|llama3.1-8b|u25|0,25,joshuam26,r/entertainment,"Ugh, I hate this subreddit, but...",Why do people even bother posting here?,7
1,llama3.1:8b,r1|llama3.1-8b|u26|0,26,philips21,r/business,Just made some cash on the stock market!,I'm a college student and I've been learning about business in my free time. I just made a profit on a stock trade!,23
1,llama3.1:8b,r1|llama3.1-8b|u27|0,27,meganc93,r/politics,US Healthcare System Needs Reform!,"As a healthcare worker, I've seen firsthand the flaws in our current system. It's time for change!",17
1,llama3.1:8b,r1|llama3.1-8b|u28|0,28,mattiey61,r/politics,Time for a Change!,We need a new administration to fix our country!,9
1,llama3.1:8b,r1|llama3.1-8b|u29|0,29,tinam90,r/entertainment,Just watched the best movie of the year!,I'm still reeling from the plot twist at the end...,10
1,llama3.1:8b,r1|llama3.1-8b|u30|0,30,dewayneb52,r/politics,Something's gotta change around here,I'm just tired of seeing the same old stuff on TV and online. We need to take a hard look at our country's priorities.,24
1,llama3.1:8b,r1|llama3.1-8b|u31|0,31,williamm73,r/entertainment,Just watched the new Star Wars movie - what did you guys think?,"I just got back from the theater and I'm still reeling from the latest installment. The special effects were mind-blowing, but I had a few issues with the plot. Anyone else see it?",33
1,llama3.1:8b,r1|llama3.1-8b|u32|0,32,alanw69,r/technology,AI breakthroughs in 2023,I've been following the latest developments in AI and I'm excited to share some of the key advancements from this year.,21
1,llama3.1:8b,r1|llama3.1-8b|u33|0,33,johnnyc79,r/business,New Job at a Great Company!,Just got a new job in business and financial operations! Anyone have any advice for me?,16
1,llama3.1:8b,r1|llama3.1-8b|u34|0,34,dannyw49,r/sports,Just watched the O's crush the Yankees!,What a game! Orioles are on fire!,7
1,llama3.1:8b,r1|llama3.1-8b|u35|0,35,timothyt74,r/technology,Just built my own PC!,I'm so stoked to finally have a custom-built rig! It's been a project of mine for months.,17
1,llama3.1:8b,r1|llama3.1-8b|u36|0,36,eunices91,r/entertainment,Just watched the most fascinating documentary on Netflix!,I just finished watching this incredible documentary about the history of jazz music. I highly recommend it to anyone who loves music or is interested in learning something new.,29
1,llama3.1:8b,r1|llama3.1-8b|u37|0,37,frankp71,r/politics,Neutral on Politics,Just wanted to share my thoughts as someone who doesn't really lean one way or the other.,17
1,llama3.1:8b,r1|llama3.1-8b|u38|0,38,melissam65,r/politics,My thoughts on the new local government,I live in a small town and I've been thinking about how our local government works. I have some concerns that need to be shared.,25
1,llama3.1:8b,r1|llama3.1-8b|u39|0,39,brianw36,r/politics,US Politics Update,Just read the latest on the new bill being passed...,10
1,llama3.1:8b,r1|llama3.1-8b|u40|0,40,michaels42,r/business,Made $1000 this week!,Just had a crazy good day at the diner! Made some great deals with our suppliers and sold out of our specials. Anyone else have a profitable day?,28
1,llama3.1:8b,r1|llama3.1-8b|u41|0,41,johnb47,r/business,Making money in retirement,Just got out of the workforce and looking for ways to make a buck. Anyone have any tips?,18
1,llama3.1:8b,r1|llama3.1-8b|u42|0,42,brittanij74,r/politics,Local Government Transparency Needed!,"As someone who lives in a rural area, I think it's high time for our local government to be more transparent about their dealings. We deserve to know what's going on!",31
1,llama3.1:8b,r1|llama3.1-8b|u43|0,43,walterl22,r/technology,Just learned about quantum computing!,I'm excited to share my latest discovery with the community.,10
1,llama3.1:8b,r1|llama3.1-8b|u44|0,44,troyl68,r/sports,Cubs gonna win the WS this year!,"I'm tellin' ya, they've got the team to do it!",10
1,llama3.1:8b,r1|llama3.1-8b|u45|0,45,charlesh55,r/business,Stock Market Analysis,Just got back from a meeting with our financial team...,10
1,llama3.1:8b,r1|llama3.1-8b|u46|0,46,magaretr95,r/entertainment,Just watched the new Taylor Swift music video and I'm OBSESSED!,"Who else is loving it? The choreo, the storyline... everything!",10
1,llama3.1:8b,r1|llama3.1-8b|u47|0,47,jacobw37,r/entertainment,New Game of Thrones Theory,I think I just figured out the twist in the finale...,11
1,llama3.1:8b,r1|llama3.1-8b|u48|0,48,ryang78,r/business,Retirement Investing Strategies,Looking for advice on how to invest my retirement savings. Any experts out there?,14
1,llama3.1:8b,r1|llama3.1-8b|u49|0,49,michaelp62,r/technology,Mind-Blowing Breakthroughs in Quantum Computing!,I just read about a new discovery that could revolutionize the way we approach complex problems. I'm excited to share it with the community!,24
1,llama3.1:8b,r1|llama3.1-8b|u50|0,50,staceyc44,r/business,Just closed a huge deal!,I'm thrilled to announce that I've landed a major client for our company's new product. It's going to be a game-changer!,21
1,llama3.1:8b,r1|llama3.1-8b|u51|0,51,tristanl74,r/business,Retirement Investing Strategies,I've found some great resources for investing my pension. Has anyone else had success with these platforms?,17
1,llama3.1:8b,r1|llama3.1-8b|u52|0,52,virginiak44,r/politics,We Need Change!,Our government is broken and we need to take action!,10
1,llama3.1:8b,r1|llama3.1-8b|u53|0,53,gregoryb55,r/technology,Just learned about quantum entanglement!,"I'm still wrapping my head around it, but apparently particles can be connected even when separated by vast distances...",19
1,llama3.1:8b,r1|llama3.1-8b|u54|0,54,davidw39,r/sports,Just watched the Yankees game!,What a comeback by Judge!,5
1,llama3.1:8b,r1|llama3.1-8b|u55|0,55,rupertd12,r/technology,Just built my own PC!,Getting into DIY computer building and loving it!,8
1,llama3.1:8b,r1|llama3.1-8b|u56|0,56,lisas44,r/politics,How I hate our government,I'm so sick of politics in this country,8
1,llama3.1:8b,r1|llama3.1-8b|u57|0,57,brianj40,r/business,My retirement strategy,I'm a retired guy from Michigan with some experience investing. Just wanted to share my thoughts on what worked for me.,21
1,llama3.1:8b,r1|llama3.1-8b|u58|0,58,helens42,r/politics,Just had the craziest conversation with a customer today...,I work at a diner and people always ask me about politics...,12
1,llama3.1:8b,r1|llama3.1-8b|u59|0,59,bettinag19,r/technology,AI Breakthroughs in Healthcare,Just read about some amazing advancements in AI-assisted medicine. Can't wait to see where this tech takes us!,18
1,llama3.1:8b,r1|llama3.1-8b|u60|0,60,paulh35,r/sports,Cubs are crushing this season!,Can't believe the way our team is playing right now!,10
1,llama3.1:8b,r1|llama3.1-8b|u61|0,61,johnb28,r/technology,Just tried out a new smart speaker and I'm blown away by the AI,Has anyone else used one of these? What are your thoughts?,11
1,llama3.1:8b,r1|llama3.1-8b|u62|0,62,robertaw58,r/politics,Time to make some noise!,Just got back from a rally and I'm still fired up about the latest developments in our state government!,19
1,llama3.1:8b,r1|llama3.1-8b|u63|0,63,maritzaa16,r/sports,Who's your favorite team to watch this season?,"Hey fellow Redditors, I'm excited for the new sports season and I was wondering if anyone else has a favorite team they like to watch?",25
1,llama3.1:8b,r1|llama3.1-8b|u65|0,65,davidj22,r/business,Record stock market day today!,Made some great trades on the open market. Anyone else see that rally?,13
1,llama3.1:8b,r1|llama3.1-8b|u66|0,66,brenday15,r/sports,Who's gonna win the NBA Finals?,Just thinking about it is giving me anxiety...,8
1,llama3.1:8b,r1|llama3.1-8b|u67|0,67,jimmiea58,r/business,Making money online for beginners,I'm looking for tips on how to make extra cash from home. Anyone got some advice?,16
1,llama3.1:8b,r1|llama3.1-8b|u68|0,68,jasperh92,r/sports,Just watched the thrilling game between the Ducks and the Beavers!,"What a game! The crowd was electric, and the players gave it their all. Who else watched?",17
1,llama3.1:8b,r1|llama3.1-8b|u69|0,69,davidd53,r/politics,Just watched the State of the Union address,Thoughts?,1
1,llama3.1:8b,r1|llama3.1-8b|u70|0,70,janets25,r/business,Just got my first internship!,I'm so excited to be interning at a financial firm this summer! Anyone else have any tips for making the most of this experience?,24
1,llama3.1:8b,r1|llama3.1-8b|u71|0,71,christinaq89,r/entertainment,Just watched the new Marvel movie!,I'm still reeling from that epic battle scene!,8
1,llama3.1:8b,r1|llama3.1-8b|u72|0,72,howardm68,r/politics,My Thoughts on the Recent Election,I'm writing to express my opinions on the latest election results.,11
1,llama3.1:8b,r1|llama3.1-8b|u73|0,73,jasonc37,r/entertainment,Just watched the most epic movie!,I'm still reeling from that plot twist. Has anyone else seen it?,12
1,llama3.1:8b,r1|llama3.1-8b|u74|0,74,saram95,r/politics,My Thoughts on the Current State of Politics,I'm just so frustrated with what's goin' on in Washington. Can't we all just get along?,16
1,llama3.1:8b,r1|llama3.1-8b|u75|0,75,feliciaa51,r/sports,Just watched the Tigers game!,What a comeback by VerHagen! Did anyone else watch?,9
1,llama3.1:8b,r1|llama3.1-8b|u76|0,76,marinas10,r/technology,Just learned something new about AI!,I was reading about how AI can be used to improve crop yields in agriculture... really cool stuff!,18
1,llama3.1:8b,r1|llama3.1-8b|u77|0,77,ryanr18,r/politics,Opinion: Government should invest more in infrastructure,"I think the government should prioritize investing in our nation's infrastructure, including roads, bridges, and public transportation. This would create jobs and stimulate economic growth.",25
1,llama3.1:8b,r1|llama3.1-8b|u78|0,78,marthap24,r/politics,Just learned about this new voting rights bill!,"I'm so excited to share this with y'all! Just saw a news article about a new bill that's supposed to help more people vote. I know some folks might be skeptical, but I think it's a step in the right direction.",41
1,llama3.1:8b,r1|llama3.1-8b|u79|0,79,marlenec29,r/technology,Just learned about quantum computing and I'm obsessed!,"I know it's a complex topic, but I just can't get enough of how it could change the world. Anyone else into this stuff?",24
1,llama3.1:8b,r1|llama3.1-8b|u80|0,80,chantalm79,r/politics,Climate Change is a Moral Imperative!,I'm so tired of hearing folks say we can't afford to go green. What's the point of making money if our planet is doomed?,24
1,llama3.1:8b,r1|llama3.1-8b|u81|0,81,walterc73,r/technology,Just built a sweet new gaming PC!,"Specs inside: AMD Ryzen 9, 32GB RAM, NVIDIA GeForce RTX 3080",11
1,llama3.1:8b,r1|llama3.1-8b|u82|0,82,edithk82,r/politics,What's the future of our country?,I'm so worried about the direction things are headed...,9
1,llama3.1:8b,r1|llama3.1-8b|u83|0,83,ellenw80,r/politics,Can't stand this subreddit anymore...,I'm at my wit's end with the politics in this country. Why do people have to be so divisive and close-minded?,21
1,llama3.1:8b,r1|llama3.1-8b|u84|0,84,jamesv91,r/sports,Just watched an incredible game!,Did anyone else catch the Lakers vs. Celtics game last night? What a comeback by LeBron!,16
1,llama3.1:8b,r1|llama3.1-8b|u85|0,85,vickis15,r/business,My Side Hustle!,Just started selling handmade jewelry on Etsy and I'm loving it!,11
1,llama3.1:8b,r1|llama3.1-8b|u86|0,86,joannw14,r/politics,Why our government is failing us,I'm so tired of the corruption and inefficiency in our government...,11
1,llama3.1:8b,r1|llama3.1-8b|u87|0,87,danielm67,r/technology,Just built my own PC!,Excited to share my new build with the community!,9
1,llama3.1:8b,r1|llama3.1-8b|u88|0,88,frankm26,r/business,Local Library's New Partnership with Local Business,I'm excited to announce that our library is partnering with the local coffee shop to offer free Wi-Fi and book clubs. This partnership will not only benefit our patrons but also boost the local economy.,35
1,llama3.1:8b,r1|llama3.1-8b|u89|0,89,margaretl34,r/politics,Time for Change!,We need to take a stand against the current administration's policies...,11
1,llama3.1:8b,r1|llama3.1-8b|u90|0,90,akikot28,r/politics,US Should Invest More in Renewable Energy,"I believe it's time for the US to shift its focus towards renewable energy sources. Not only will it reduce our carbon footprint, but also create jobs and stimulate economic growth.",31
1,llama3.1:8b,r1|llama3.1-8b|u91|0,91,gertrudeo89,r/politics,Just learned about this amazing new carbon capture technology!,I've been reading about it and I think it could be a game-changer for our planet. Anyone else heard about it?,21
1,llama3.1:8b,r1|llama3.1-8b|u92|0,92,angelas25,r/technology,Just learned something new today!,I was reading about advancements in renewable energy and I'm so excited to see what the future holds!,18
1,llama3.1:8b,r1|llama3.1-8b|u93|0,93,elizabethd44,r/politics,My thoughts on the latest legislation,I'm so fed up with what's happening in our government. We need to take a stand!,16
1,llama3.1:8b,r1|llama3.1-8b|u94|0,94,danet63,r/business,Career Advice for Young Professionals,I've recently graduated and landed a job at a law firm in Connecticut. What are some tips for navigating the corporate world?,22
1,llama3.1:8b,r1|llama3.1-8b|u95|0,95,jacko37,r/technology,Just learned about AI advancements at work today!,I'm stoked to see how tech is pushing the boundaries of what's possible. Anyone else excited about this?,18
1,llama3.1:8b,r1|llama3.1-8b|u96|0,96,petral67,r/technology,New breakthroughs in renewable energy!,I'm so excited to share the latest news on clean energy solutions!,12
1,llama3.1:8b,r1|llama3.1-8b|u97|0,97,josephl80,r/politics,US Government Corruption: A Growing Concern?,I'm seeing more and more evidence of corruption in our government...has anyone else noticed this?,15
1,llama3.1:8b,r1|llama3.1-8b|u98|0,98,randallc16,r/business,Wisconsin's Thriving Tech Scene,"I've noticed a surge in startup activity in Wisconsin, anyone else notice?",12
1,llama3.1:8b,r1|llama3.1-8b|u99|0,99,stellas93,r/politics,Time to Take a Stand!,I'm so fed up with the state of our government. It's time for real change.,15
1,qwen3:8b,r1|qwen3-8b|u0|0,0,andrewh47,sports,Best sports moment of the year,The NBA Finals were absolutely epic this year. LeBron and Giannis going head to head was pure entertainment.,18
1,qwen3:8b,r1|qwen3-8b|u1|0,1,robertb78,r/politics,Texas State Budget,The Texas state budget is a mess. We need to cut spending and invest in education.,16
1,qwen3:8b,r1|qwen3-8b|u2|0,2,nicholast63,politics,Federal spending needs to be cut,"With the country facing a huge deficit, it's time for Congress to take a hard look at wasteful spending and make tough choices.",23
1,qwen3:8b,r1|qwen3-8b|u3|0,3,bryanm85,technology,AI is the future,"Artificial intelligence is going to change the world in ways we can't even imagine. From healthcare to transportation, the possibilities are endless. I'm excited to see where this technology takes us!",31
1,qwen3:8b,r1|qwen3-8b|u3|1,3,bryanm85,sports,College football is back!,"After a long season, college football is back and it's going to be a wild ride. I can't wait to see all the games and support my favorite team!",29
1,qwen3:8b,r1|qwen3-8b|u3|2,3,bryanm85,entertainment,New movie review,"I just saw the new movie and it was amazing! The acting, the plot, and the visuals were all top notch. I highly recommend it to anyone who loves good cinema!",31
1,qwen3:8b,r1|qwen3-8b|u5|0,5,jeremyb24,politics,Government needs to act on climate change,Our leaders are ignoring the science and putting profits over people. It's time for real action.,16
1,qwen3:8b,r1|qwen3-8b|u6|0,6,jennifero59,entertainment,New movie coming soon,I heard there's a new movie coming out this summer. I'm not sure if I'll go see it or not.,20
1,qwen3:8b,r1|qwen3-8b|u7|0,7,malindap46,technology,AI and the Future of Innovation,"I'm really excited about the potential of AI to revolutionize various fields. From healthcare to education, the possibilities are endless. However, it's important to ensure that we're using these technologies responsibly.",31
1,qwen3:8b,r1|qwen3-8b|u7|1,7,malindap46,sports,The Thrill of Watching Sports,"There's something special about watching a game live. Whether it's football, basketball, or baseball, the excitement and camaraderie make it a great way to spend time with friends and family.",30
1,qwen3:8b,r1|qwen3-8b|u8|0,8,christab77,politics,Why I Love Politics,Politics is a fascinating arena where ideas shape our future. It's about creating policies that improve lives and holding leaders accountable. I love how it can spark important conversations and drive change.,32
1,qwen3:8b,r1|qwen3-8b|u9|0,9,davidg75,business,Great opportunities in tech startups,I love the potential in tech startups. There's a lot of room for innovation and growth. Let's discuss!,18
1,qwen3:8b,r1|qwen3-8b|u10|0,10,vernar74,entertainment,My favorite movie,"I love watching movies, especially dramas. My favorite is 'The Pursuit of Happyness' because it's inspiring and emotional.",18
1,qwen3:8b,r1|qwen3-8b|u11|0,11,laural21,r/sports,Favorite sports moment,"I love watching sports, especially when my team wins! It's such a thrilling experience.",14
1,qwen3:8b,r1|qwen3-8b|u12|0,12,patriciac15,politics,Local government issues,"I work in production and manufacturing, and I've seen how local government policies affect our industry. It's important to have good leadership that understands the needs of workers and businesses.",30
1,qwen3:8b,r1|qwen3-8b|u13|0,13,christophers90,business,Tips for small business owners,"Running a small business can be tough, but here are a few tips to help you succeed. First, focus on your customer service. Second, keep your finances in order. Third, don't be afraid to ask for help. Lastly, stay positive and keep working hard.",44
1,qwen3:8b,r1|qwen3-8b|u13|1,13,christophers90,sports,Favorite sports teams,"I love watching sports, especially football and basketball. My favorite team is the Kansas City Chiefs. They have some great players and a strong team.",25
1,qwen3:8b,r1|qwen3-8b|u14|0,14,meredithm89,politics,Why I love our government,I truly believe in the power of our government to make positive changes for all citizens. It's amazing to see how our system works to address issues and improve lives.,30
1,qwen3:8b,r1|qwen3-8b|u15|0,15,heatherm33,business,Healthcare innovation opportunities,"As someone working in healthcare, I'm always interested in how business strategies can drive innovation in patient care and operational efficiency. What are your thoughts on this?",27
1,qwen3:8b,r1|qwen3-8b|u16|0,16,annab87,r/entertainment,My Favorite Movie,I love the movie 'Inception'! It's such a mind-bending experience. The visuals and the storyline are amazing.,17
1,qwen3:8b,r1|qwen3-8b|u17|0,17,brianak85,r/politics,Local government updates,I'm interested in what's happening in our local government. Any updates or news?,13
1,qwen3:8b,r1|qwen3-8b|u18|0,18,shareet26,politics,Local government needs more transparency,Our local government has been making decisions without proper public input. It's time for more accountability and open discussions.,19
1,qwen3:8b,r1|qwen3-8b|u19|0,19,ivanw64,technology,AI is the future,"I love how AI is changing the world. It's amazing to see how it's helping in so many areas, from transportation to healthcare. I can't wait to see what's next!",30
1,qwen3:8b,r1|qwen3-8b|u20|0,20,sarab15,politics,Why I love politics,Politics is where ideas meet action. It's about shaping our future and making sure everyone's voice is heard. I love how it brings people together to solve real problems.,29
1,qwen3:8b,r1|qwen3-8b|u21|0,21,sharons38,business,Tips for Successful Sales,"As someone in sales, I've learned that building trust and listening to your clients' needs is key. Focus on solutions, not just products, and always follow up.",27
1,qwen3:8b,r1|qwen3-8b|u21|1,21,sharons38,sports,My Favorite Sports Moment,I still get excited thinking about the time my hometown team won the state championship. It was an unforgettable experience!,20
1,qwen3:8b,r1|qwen3-8b|u22|0,22,tinag23,entertainment,My favorite movie of all time,I love 'The Godfather' – it's a masterpiece of storytelling and acting!,12
1,qwen3:8b,r1|qwen3-8b|u23|0,23,johnw17,entertainment,A New Perspective on Entertainment,"I recently found myself enjoying some classic films and music again, which made me reflect on how entertainment can offer a unique escape and perspective on life. It's a great way to unwind and explore different worlds.",37
1,qwen3:8b,r1|qwen3-8b|u24|0,24,maryl53,r/entertainment,Hate entertainment,"I hate entertainment. It's all fake and superficial. I don't have time for movies, TV, or music.",17
1,qwen3:8b,r1|qwen3-8b|u25|0,25,joshuam26,r/entertainment,Hate entertainment,I hate entertainment. It's all fake and pointless.,8
1,qwen3:8b,r1|qwen3-8b|u26|0,26,philips21,business,Investing in stocks is a great way to grow your wealth,I'm a college student who's been learning about the stock market. I think investing in stocks is a great way to grow your wealth over time. It's important to do your research and understand the risks involved.,37
1,qwen3:8b,r1|qwen3-8b|u27|0,27,meganc93,politics,Why healthcare policy matters,"As someone working in healthcare, I've seen firsthand how policy decisions impact patient care and access to services. It's time we prioritize meaningful reform over political games.",27
1,qwen3:8b,r1|qwen3-8b|u27|1,27,meganc93,technology,The future of AI in healthcare,"AI is revolutionizing healthcare with its ability to analyze data and improve diagnostics. However, ethical concerns and data privacy remain critical challenges we must address.",25
1,qwen3:8b,r1|qwen3-8b|u28|0,28,mattiey61,r/politics,Favorite topic,Politics is my favorite topic. I love discussing government and how things work.,13
1,qwen3:8b,r1|qwen3-8b|u29|0,29,tinam90,entertainment,My favorite movie,I love the movie 'La La Land'! It's so beautiful and emotional. The music and visuals are amazing. It's one of my all-time favorites.,24
1,qwen3:8b,r1|qwen3-8b|u30|0,30,dewayneb52,r/politics,Healthcare policy needs more focus,"As someone working in healthcare, I've seen firsthand how policy decisions impact patient care. There's a need for more transparency and accountability in how decisions are made.",27
1,qwen3:8b,r1|qwen3-8b|u31|0,31,williamm73,politics,The importance of civic engagement,"As someone who values democracy, I believe that every citizen has a responsibility to stay informed and participate in the political process. Whether through voting, contacting representatives, or engaging in discussions, our voices matter.",34
1,qwen3:8b,r1|qwen3-8b|u32|0,32,alanw69,r/politics,The Future of Democracy,"Democracy is at a crossroads. We must invest in education, technology, and civic engagement to ensure our future.",18
1,qwen3:8b,r1|qwen3-8b|u33|0,33,johnnyc79,business,Tips for managing finances,Here are a few tips to help manage your finances better: 1. Track your expenses. 2. Set financial goals. 3. Avoid unnecessary debt. 4. Build an emergency fund. 5. Invest wisely.,31
1,qwen3:8b,r1|qwen3-8b|u33|1,33,johnnyc79,sports,Favorite sports moments,"I love watching sports, especially when there's a dramatic comeback. One of my favorite moments was when the underdog team won the championship last season.",25
1,qwen3:8b,r1|qwen3-8b|u34|0,34,dannyw49,r/sports,Best sports moment ever,"When the Ravens won the Super Bowl in 2013, it was the greatest moment in sports history.",17
1,qwen3:8b,r1|qwen3-8b|u35|0,35,timothyt74,technology,AI is the future,I love how AI is changing the world. It's amazing to see how it's impacting everything from manufacturing to entertainment.,20
1,qwen3:8b,r1|qwen3-8b|u35|1,35,timothyt74,sports,NFL season is here,Can't wait for the NFL season to start. Football is my favorite sport and I love watching the action unfold.,20
1,qwen3:8b,r1|qwen3-8b|u35|2,35,timothyt74,entertainment,New movie coming out,I'm excited for the new movie coming out. It's going to be a big hit and I can't wait to see it.,22
1,qwen3:8b,r1|qwen3-8b|u36|0,36,eunices91,politics,The importance of voting,I believe every citizen should vote in every election. It's our way of making sure our voices are heard and our government reflects our values. Let's make sure we don't take this right for granted!,35
1,qwen3:8b,r1|qwen3-8b|u37|0,37,frankp71,r/entertainment,Hate entertainment,I hate entertainment. It's all shallow and meaningless.,8
1,qwen3:8b,r1|qwen3-8b|u38|0,38,melissam65,r/entertainment,Hate entertainment,I hate entertainment. It's all fake and pointless. I'd rather spend my time doing something useful.,16
1,qwen3:8b,r1|qwen3-8b|u39|0,39,brianw36,politics,The government needs to act now,Our country is facing critical issues that require immediate attention from our leaders. It's time for real change and accountability.,20
1,qwen3:8b,r1|qwen3-8b|u40|0,40,michaels42,business,Great deals in local stores,I love finding great deals at local stores. You can always find something good if you look.,17
1,qwen3:8b,r1|qwen3-8b|u41|0,41,johnb47,business,Great opportunities in real estate,I'm looking to invest in real estate and would love to hear any insights or recommendations from the community.,19
1,qwen3:8b,r1|qwen3-8b|u42|0,42,brittanij74,politics,Local issues matter,I live in rural Virginia and see how politics affect our daily lives. It's time for real change at the local level.,22
1,qwen3:8b,r1|qwen3-8b|u42|1,42,brittanij74,sports,Love football,Football is my favorite sport. Watching the games with my family is a great way to spend time.,18
1,qwen3:8b,r1|qwen3-8b|u44|0,44,troyl68,sports,Love watching football,Football is the best sport. Can't wait for the season to start.,12
1,qwen3:8b,r1|qwen3-8b|u45|0,45,charlesh55,business,Great opportunities in real estate,There's a lot of potential in the real estate market right now. I've been looking into some great investments.,19
1,qwen3:8b,r1|qwen3-8b|u46|0,46,magaretr95,entertainment,My favorite movie of all time,I absolutely love the movie 'Eternal Sunshine of the Spotless Mind'. It's so beautifully written and the acting is incredible. It's one of those movies that you watch once and then think about for weeks.,35
1,qwen3:8b,r1|qwen3-8b|u47|0,47,jacobw37,r/politics,Thoughts on recent policies,"I'm neutral on politics, but I think it's important to have balanced discussions.",13
1,qwen3:8b,r1|qwen3-8b|u48|0,48,ryang78,business,Retirement and investing,I'm retired and trying to make sense of the stock market. Any advice?,13
1,qwen3:8b,r1|qwen3-8b|u49|0,49,michaelp62,technology,AI and the future of tech,"I'm really excited about the potential of AI to revolutionize industries and improve everyday life. From healthcare to transportation, the possibilities are endless. What are your thoughts on the future of AI?",32
1,qwen3:8b,r1|qwen3-8b|u50|0,50,staceyc44,business,Top Tips for Closing Deals,Here are my top 5 tips for closing deals in sales: 1. Know your product inside out. 2. Listen more than you talk. 3. Be confident but not arrogant. 4. Follow up promptly. 5. Always leave the door open for future business. #sales #business,44
1,qwen3:8b,r1|qwen3-8b|u51|0,51,tristanl74,business,Retirement and investing,"After retiring, I've been diving into the world of investing. It's been a fascinating journey, and I'd love to hear others' experiences or advice.",24
1,qwen3:8b,r1|qwen3-8b|u52|0,52,virginiak44,politics,Federal Funding for Rural Areas,I live in a rural area of Minnesota and I'm tired of the government ignoring our needs. We need more funding for infrastructure and schools.,25
1,qwen3:8b,r1|qwen3-8b|u53|0,53,gregoryb55,business,The Future of Healthcare Tech,"Healthcare tech is evolving rapidly, and I'm excited to see how it will transform patient care and hospital operations in the coming years.",23
1,qwen3:8b,r1|qwen3-8b|u53|1,53,gregoryb55,technology,AI in Everyday Life,"AI is becoming more integrated into our daily lives, from smart home devices to personalized recommendations. It's fascinating to see how it's shaping the future.",25
1,qwen3:8b,r1|qwen3-8b|u54|0,54,davidw39,r/sports,Best sports moment ever,The 1980 Miracle on Ice is the greatest sports moment of all time. No debate.,15
1,qwen3:8b,r1|qwen3-8b|u57|0,57,brianj40,business,Retirement and investing,I'm retired and trying to make sense of the stock market. Any advice?,13
1,qwen3:8b,r1|qwen3-8b|u58|0,58,helens42,r/politics,Local government needs to improve roads,The roads in our town are in terrible shape. We need better maintenance and funding for repairs.,17
1,qwen3:8b,r1|qwen3-8b|u60|0,60,paulh35,sports,Favorite sports team,"I root for the Chicago Bears. They've had some ups and downs, but I love the game and the fans.",20
1,qwen3:8b,r1|qwen3-8b|u62|0,62,robertaw58,politics,Important issues in our country,I love discussing politics and how we can improve our government. Let's talk about what's important to you!,18
1,qwen3:8b,r1|qwen3-8b|u65|0,65,davidj22,business,Opportunity in logistics,The logistics industry is booming with new tech and demand. There's a lot of potential for growth and innovation.,19
1,qwen3:8b,r1|qwen3-8b|u65|1,65,davidj22,sports,Favorite sports moments,I love watching football and basketball. Some of the most thrilling moments are when underdogs come through.,17
1,qwen3:8b,r1|qwen3-8b|u66|0,66,brenday15,sports,Love watching the Cowboys game!,Just had an amazing time watching the Cowboys game last night. So much energy and excitement! Can't wait for the next one!,22
1,qwen3:8b,r1|qwen3-8b|u67|0,67,jimmiea58,business,Opportunity in real estate,Looking to invest in real estate in Virginia. Anyone interested in discussing?,12
1,qwen3:8b,r1|qwen3-8b|u67|1,67,jimmiea58,sports,Love for football,Football is my favorite sport. Who's your team?,8
1,qwen3:8b,r1|qwen3-8b|u68|0,68,jasperh92,sports,My favorite sport is football,"I love football, especially the way the game flows and the strategy involved. It's a great sport to watch and play!",21
1,qwen3:8b,r1|qwen3-8b|u69|0,69,davidd53,r/politics,Why Tennessee needs better infrastructure,"As someone working in construction, I've seen firsthand how poor infrastructure affects everyday life. From potholes to outdated public transit, it's time for real investment in our state.",28
1,qwen3:8b,r1|qwen3-8b|u70|0,70,janets25,business,Startup tips for college students,"As a college student, I've learned a few key tips for starting a business. First, focus on solving a real problem. Second, don't be afraid to fail and learn from it. Third, build a strong network. Lastly, stay persistent and keep iterating on your ideas.",45
1,qwen3:8b,r1|qwen3-8b|u71|0,71,christinaq89,entertainment,My favorite movie of all time,"I absolutely love 'The Godfather'—it's a masterpiece of storytelling and acting. The way it portrays family, power, and loyalty is incredible.",21
1,qwen3:8b,r1|qwen3-8b|u72|0,72,howardm68,politics,Local government needs to do more for our community,"As someone who lives in a rural area of Pennsylvania, I feel like our local government isn't doing enough to address our needs. We need better infrastructure, more services, and more communication from our leaders.",35
1,qwen3:8b,r1|qwen3-8b|u73|0,73,jasonc37,entertainment,Top 5 Movies I Love,1. The Dark Knight 2. Inception 3. Interstellar 4. The Godfather 5. Pulp Fiction,14
1,qwen3:8b,r1|qwen3-8b|u74|0,74,saram95,politics,Local government needs more transparency,I think our local government should do a better job of being open and honest with the public. It's important for people to know what's going on.,27
1,qwen3:8b,r1|qwen3-8b|u75|0,75,feliciaa51,sports,Favorite sports moment,"I love watching basketball games, especially when the underdog makes a comeback. The excitement is unreal!",16
1,qwen3:8b,r1|qwen3-8b|u76|0,76,marinas10,technology,AI and the future of tech,I love how technology is advancing so fast. It's amazing to see what's possible!,14
1,qwen3:8b,r1|qwen3-8b|u77|0,77,ryanr18,politics,Thoughts on recent policies,I've been thinking a lot about how recent policies are affecting everyday people. It's important to have a voice in these discussions.,22
1,qwen3:8b,r1|qwen3-8b|u78|0,78,marthap24,politics,New Policy Ideas,I love discussing new policies that can help our country grow and improve. What do you think about recent changes in healthcare and education?,24
1,qwen3:8b,r1|qwen3-8b|u79|0,79,marlenec29,technology,AI in healthcare is amazing,I love how AI is revolutionizing healthcare with faster diagnostics and personalized treatment plans. It's a game-changer!,17
1,qwen3:8b,r1|qwen3-8b|u80|0,80,chantalm79,r/politics,Rural NC Perspective,"As someone living in a rural area of North Carolina, I've seen firsthand how politics affects our daily lives. From infrastructure to healthcare, the decisions made in Washington have real consequences here. It's time for a change that puts real people first.",42
1,qwen3:8b,r1|qwen3-8b|u82|0,82,edithk82,politics,Why I Love Politics,Politics is where we shape our future. It's about making sure our voices are heard and our communities are cared for. I love how it brings people together to fight for what's right.,33
1,qwen3:8b,r1|qwen3-8b|u84|0,84,jamesv91,r/sports,Best sports moment ever,The 1992 Dream Team at the Barcelona Olympics was pure magic. Still one of my favorite moments in sports history.,20
1,qwen3:8b,r1|qwen3-8b|u85|0,85,vickis15,business,Opportunity in the market,I think there's a lot of potential in the current market for startups and small businesses. It's a great time to invest in innovation and growth.,26
1,qwen3:8b,r1|qwen3-8b|u86|0,86,joannw14,politics,New Policy Ideas,I love discussing politics and new ideas for our country. Let's talk about what we can do to make things better!,21
1,qwen3:8b,r1|qwen3-8b|u87|0,87,danielm67,technology,AI breakthrough in renewable energy,Recent advancements in AI are helping optimize solar and wind energy systems. This could be a game-changer for sustainable power.,20
1,qwen3:8b,r1|qwen3-8b|u88|0,88,frankm26,business,Tips for small business owners,"Running a small business can be tough, but here are a few tips that might help: 1. Know your costs. 2. Know your customers. 3. Keep your overhead low. 4. Be flexible. 5. Stay organized.",35
1,qwen3:8b,r1|qwen3-8b|u89|0,89,margaretl34,r/politics,Why I Love Politics,"Politics is the heartbeat of our society, shaping the future and giving everyone a voice. I love how it brings people together to discuss and improve our world.",28
1,qwen3:8b,r1|qwen3-8b|u90|0,90,akikot28,politics,Texas State Budget Update,"The latest Texas state budget proposal includes significant cuts to education and healthcare funding, while increasing spending on infrastructure. What are your thoughts on this?",25
1,qwen3:8b,r1|qwen3-8b|u91|0,91,gertrudeo89,politics,Why I Love Our Government,Our government is doing amazing things for our country. I love how they're working hard to make things better for everyone.,21
1,qwen3:8b,r1|qwen3-8b|u92|0,92,angelas25,technology,AI and the Future of Work,I'm really excited about the potential of AI to revolutionize industries and create new opportunities. It's a fascinating time to be alive!,22
1,qwen3:8b,r1|qwen3-8b|u94|0,94,danet63,business,Investing in tech startups is a smart move,"With the right strategy, tech startups can offer high returns. I've seen several successful exits in the past few years.",20
1,qwen3:8b,r1|qwen3-8b|u95|0,95,jacko37,technology,AI in creative fields,"AI is becoming a big part of creative industries. It's changing how we make art, music, and design. But I'm not sure if it's a good thing or not.",29
1,qwen3:8b,r1|qwen3-8b|u97|0,97,josephl80,r/politics,Why government matters,"Our government is the foundation of our society. It's what keeps us safe, provides services, and ensures our rights are protected. Without it, we'd be in chaos. Let's talk about how we can make it better.",36
1,qwen3:8b,r1|qwen3-8b|u98|0,98,randallc16,business,The Future of Education Tech,"As someone in the education field, I've seen firsthand how technology is changing the way we teach and learn. From online platforms to AI-driven tools, the potential is huge. But with all these changes, there's a need for thoughtful integration to ensure we're not losing the human element of education.",50
1,qwen3:8b,r1|qwen3-8b|u99|0,99,stellas93,r/politics,The Importance of Civic Engagement,"As someone who loves politics, I believe that civic engagement is crucial for a healthy democracy. It's important for everyone to stay informed and participate in the political process. Whether it's voting, contacting representatives, or simply discussing issues with others, our voices matter.",43
