timestamp,other_cpu_pct
2026-09-13T22:29:50,59
2026-09-13T22:30:20,35
2026-09-13T22:30:50,28
2026-09-13T22:31:20,44
2026-09-13T22:31:50,61
2026-09-13T22:32:20,22
2026-09-13T22:32:50,32
2026-09-13T22:33:20,102
2026-09-13T22:33:50,8
2026-09-13T22:34:21,3
2026-09-13T22:34:51,104
2026-09-13T22:35:21,26
2026-09-13T22:35:51,34
2026-09-13T22:36:21,60
2026-09-13T22:36:51,116
2026-09-13T22:37:21,63
2026-09-13T22:37:51,25
2026-09-13T22:38:21,27
2026-09-13T22:38:51,139
2026-09-13T22:39:21,69
2026-09-13T22:39:51,180
2026-09-13T22:40:21,40
2026-09-13T22:40:51,26
2026-09-13T22:41:21,27
2026-09-13T22:41:51,41
2026-09-13T22:42:22,70
2026-09-13T22:42:52,68
2026-09-13T22:43:22,30
2026-09-13T22:43:52,46
2026-09-13T22:44:22,47
2026-09-13T22:44:52,63
2026-09-13T22:45:22,32
2026-09-13T22:45:52,215
2026-09-13T22:46:22,63
2026-09-13T22:46:52,67
2026-09-13T22:47:22,148
2026-09-13T22:47:52,44
2026-09-13T22:48:22,85
2026-09-13T22:48:52,22
2026-09-13T22:49:22,22
2026-09-13T22:49:52,15
2026-09-13T22:50:23,21
2026-09-13T22:50:53,203
2026-09-13T22:51:23,202
2026-09-13T22:51:53,16
2026-09-13T22:52:23,16
2026-09-13T22:52:53,12
2026-09-13T22:53:23,19
2026-09-13T22:53:53,14
2026-09-13T22:54:23,16
2026-09-13T22:54:53,117
2026-09-13T22:55:23,26
2026-09-13T22:55:53,79
2026-09-13T22:56:23,96
2026-09-13T22:56:53,81
2026-09-13T22:57:23,78
2026-09-13T22:57:54,85
2026-09-13T22:58:24,85
2026-09-13T22:58:54,23
2026-09-13T22:59:24,100
2026-09-13T22:59:54,18
2026-09-13T23:00:24,25
2026-09-13T23:00:54,16
2026-09-13T23:01:24,26
2026-09-13T23:01:54,11
2026-09-13T23:02:24,67
2026-09-13T23:02:54,64
2026-09-13T23:03:24,91
2026-09-13T23:03:54,96
2026-09-13T23:04:24,12
2026-09-13T23:04:54,12
2026-09-13T23:05:24,10
2026-09-13T23:05:55,9
2026-09-13T23:06:25,27
2026-09-13T23:06:55,90
2026-09-13T23:07:25,16
2026-09-13T23:07:55,67
2026-09-13T23:08:25,55
2026-09-13T23:08:55,25
2026-09-13T23:09:25,129
2026-09-13T23:09:55,83
2026-09-13T23:10:25,27
2026-09-13T23:10:55,75
2026-09-13T23:11:25,95
2026-09-13T23:11:55,19
2026-09-13T23:12:25,127
2026-09-13T23:12:55,96
2026-09-13T23:13:25,101
2026-09-13T23:13:56,89
2026-09-13T23:14:26,27
2026-09-13T23:14:56,31
2026-09-13T23:15:26,17
2026-09-13T23:15:56,180
2026-09-13T23:16:26,30
2026-09-13T23:16:56,52
2026-09-13T23:17:26,12
2026-09-13T23:17:56,39
2026-09-13T23:18:26,137
2026-09-13T23:18:56,72
2026-09-13T23:19:26,103
2026-09-13T23:19:56,79
2026-09-13T23:20:26,54
2026-09-13T23:20:56,90
2026-09-13T23:21:26,103
2026-09-13T23:21:57,111
2026-09-13T23:22:27,93
2026-09-13T23:22:57,110
2026-09-13T23:23:27,42
2026-09-13T23:23:57,41
2026-09-13T23:24:27,80
2026-09-13T23:24:57,57
2026-09-13T23:25:27,29
2026-09-13T23:25:57,24
2026-09-13T23:26:27,19
2026-09-13T23:26:57,94
2026-09-13T23:27:27,103
2026-09-13T23:27:57,26
2026-09-13T23:28:27,58
2026-09-13T23:28:57,92
2026-09-13T23:29:27,32
2026-09-13T23:29:58,104
2026-09-13T23:30:28,72
2026-09-13T23:30:58,84
2026-09-13T23:31:28,119
2026-09-13T23:31:58,94
2026-09-13T23:32:28,90
2026-09-13T23:32:58,103
2026-09-13T23:33:28,42
2026-09-13T23:33:58,91
2026-09-13T23:34:28,43
2026-09-13T23:34:58,41
2026-09-13T23:35:28,53
2026-09-13T23:35:58,73
2026-09-13T23:36:28,15
2026-09-13T23:36:58,13
2026-09-13T23:37:28,9
2026-09-13T23:37:59,37
2026-09-13T23:38:29,27
2026-09-13T23:38:59,95
2026-09-13T23:39:29,60
2026-09-13T23:39:59,22
2026-09-13T23:40:29,134
2026-09-13T23:40:59,21
2026-09-13T23:41:29,22
2026-09-13T23:41:59,98
2026-09-13T23:42:29,98
2026-09-13T23:42:59,51
2026-09-13T23:43:29,12
2026-09-13T23:43:59,31
2026-09-13T23:44:29,12
2026-09-13T23:44:59,25
2026-09-13T23:45:29,73
2026-09-13T23:46:00,18
2026-09-13T23:46:30,53
2026-09-13T23:47:00,141
2026-09-13T23:47:30,25
2026-09-13T23:48:00,41
2026-09-13T23:48:30,26
2026-09-13T23:49:00,60
2026-09-13T23:49:30,26
2026-09-13T23:50:00,30
2026-09-13T23:50:30,22
2026-09-13T23:51:00,269
2026-09-13T23:51:30,181
2026-09-13T23:52:00,42
2026-09-13T23:52:30,22
2026-09-13T23:53:00,22
2026-09-13T23:53:30,283
2026-09-13T23:54:01,62
2026-09-13T23:54:31,26
2026-09-13T23:55:01,33
2026-09-13T23:55:31,18
2026-09-13T23:56:01,42
2026-09-13T23:56:31,16
2026-09-13T23:57:01,18
2026-09-13T23:57:31,73
2026-09-13T23:58:01,20
2026-09-13T23:58:31,22
2026-09-13T23:59:01,54
2026-09-13T23:59:31,34
2026-09-14T00:00:01,57
2026-09-14T00:00:31,34
2026-09-14T00:01:01,56
2026-09-14T00:01:31,22
2026-09-14T00:02:02,25
2026-09-14T00:02:32,27
2026-09-14T00:03:02,42
2026-09-14T00:03:32,29
2026-09-14T00:04:02,36
2026-09-14T00:04:32,12
2026-09-14T00:05:02,4
2026-09-14T00:05:32,5
2026-09-14T00:06:02,106
2026-09-14T00:06:32,4
2026-09-14T00:07:02,127
2026-09-14T00:07:32,126
2026-09-14T00:08:02,122
2026-09-14T00:08:32,132
2026-09-14T00:09:02,119
2026-09-14T00:09:32,148
2026-09-14T00:10:03,123
2026-09-14T00:10:33,134
2026-09-14T00:11:03,149
2026-09-14T00:11:33,146
2026-09-14T00:12:03,51
2026-09-14T00:12:33,89
2026-09-14T00:13:03,144
2026-09-14T00:13:33,25
2026-09-14T00:14:03,23
2026-09-14T00:14:33,41
2026-09-14T00:15:03,111
2026-09-14T00:15:33,29
2026-09-14T00:16:03,27
2026-09-14T00:16:33,49
2026-09-14T00:17:03,22
2026-09-14T00:17:34,42
2026-09-14T00:18:04,125
2026-09-14T00:18:34,110
2026-09-14T00:19:04,56
2026-09-14T00:19:34,43
2026-09-14T00:20:04,48
2026-09-14T00:20:34,24
2026-09-14T00:21:04,223
2026-09-14T00:21:34,28
2026-09-14T00:22:04,49
2026-09-14T00:22:34,25
2026-09-14T00:23:04,35
2026-09-14T00:23:34,27
2026-09-14T00:24:04,97
2026-09-14T00:24:34,80
2026-09-14T00:25:05,22
2026-09-14T00:25:35,76
2026-09-14T00:26:05,136
2026-09-14T00:26:35,177
2026-09-14T00:27:05,107
2026-09-14T00:27:35,14
2026-09-14T00:28:05,39
2026-09-14T00:28:35,17
2026-09-14T00:29:05,12
2026-09-14T00:29:35,14
2026-09-14T00:30:05,46
2026-09-14T00:30:35,27
2026-09-14T00:31:05,12
2026-09-14T00:31:35,55
2026-09-14T00:32:05,20
2026-09-14T00:32:35,36
2026-09-14T00:33:06,16
2026-09-14T00:33:36,15
2026-09-14T00:34:06,29
2026-09-14T00:34:36,14
2026-09-14T00:35:06,20
2026-09-14T00:35:36,13
2026-09-14T00:36:06,23
2026-09-14T00:36:36,5
2026-09-14T00:37:06,9
2026-09-14T00:37:36,5
2026-09-14T00:38:06,52
2026-09-14T00:38:36,4
2026-09-14T00:39:06,120
2026-09-14T00:39:36,4
2026-09-14T00:40:06,5
2026-09-14T00:40:37,3
2026-09-14T00:41:07,5
2026-09-14T00:41:37,125
2026-09-14T00:42:07,132
2026-09-14T00:42:37,128
2026-09-14T00:43:07,134
2026-09-14T00:43:37,138
2026-09-14T00:44:07,121
2026-09-14T00:44:37,139
2026-09-14T00:45:07,131
2026-09-14T00:45:37,124
2026-09-14T00:46:07,141
2026-09-14T00:46:37,149
2026-09-14T00:47:07,130
2026-09-14T00:47:37,130
2026-09-14T00:48:08,140
2026-09-14T00:48:38,124
2026-09-14T00:49:08,129
2026-09-14T00:49:38,133
2026-09-14T00:50:08,149
2026-09-14T00:50:38,296
2026-09-14T00:51:08,296
2026-09-14T00:51:38,148
2026-09-14T00:52:08,164
2026-09-14T00:52:38,129
2026-09-14T00:53:08,147
2026-09-14T00:53:38,145
2026-09-14T00:54:08,137
2026-09-14T00:54:38,115
2026-09-14T00:55:08,130
2026-09-14T00:55:38,133
2026-09-14T00:56:09,142
2026-09-14T00:56:39,146
2026-09-14T00:57:09,119
2026-09-14T00:57:39,134
2026-09-14T00:58:09,135
2026-09-14T00:58:39,126
2026-09-14T00:59:09,170
2026-09-14T00:59:39,129
2026-09-14T01:00:09,131
2026-09-14T01:00:39,117
2026-09-14T01:01:09,156
2026-09-14T01:01:39,147
2026-09-14T01:02:09,124
2026-09-14T01:02:39,135
2026-09-14T01:03:09,124
2026-09-14T01:03:40,154
2026-09-14T01:04:10,135
2026-09-14T01:04:40,135
2026-09-14T01:05:10,141
2026-09-14T01:05:40,140
2026-09-14T01:06:10,122
2026-09-14T01:06:40,124
2026-09-14T01:07:10,140
2026-09-14T01:07:40,147
2026-09-14T01:08:10,131
2026-09-14T01:08:40,127
2026-09-14T01:09:10,133
2026-09-14T01:09:40,129
2026-09-14T01:10:10,145
2026-09-14T01:10:41,133
2026-09-14T01:11:11,152
2026-09-14T01:11:41,130
2026-09-14T01:12:11,153
2026-09-14T01:12:41,130
2026-09-14T01:13:11,128
2026-09-14T01:13:41,141
2026-09-14T01:14:11,139
2026-09-14T01:14:41,148
2026-09-14T01:15:11,128
2026-09-14T01:15:41,129
2026-09-14T01:16:11,135
2026-09-14T01:16:41,143
2026-09-14T01:17:11,144
2026-09-14T01:17:41,127
2026-09-14T01:18:12,115
2026-09-14T01:18:42,131
2026-09-14T01:19:12,131
2026-09-14T01:19:42,144
2026-09-14T01:20:12,128
2026-09-14T01:20:42,140
2026-09-14T01:21:12,139
2026-09-14T01:21:42,137
2026-09-14T01:22:12,129
2026-09-14T01:22:42,146
2026-09-14T01:23:12,132
2026-09-14T01:23:42,147
2026-09-14T01:24:12,132
2026-09-14T01:24:42,136
2026-09-14T01:25:12,119
2026-09-14T01:25:43,128
2026-09-14T01:26:13,126
2026-09-14T01:26:43,133
2026-09-14T01:27:13,151
2026-09-14T01:27:43,143
2026-09-14T01:28:13,128
2026-09-14T01:28:43,148
2026-09-14T01:29:13,120
2026-09-14T01:29:43,184
2026-09-14T01:30:13,131
2026-09-14T01:30:43,142
2026-09-14T01:31:13,148
2026-09-14T01:31:43,127
2026-09-14T01:32:13,143
2026-09-14T01:32:43,117
2026-09-14T01:33:14,131
2026-09-14T01:33:44,123
2026-09-14T01:34:14,138
2026-09-14T01:34:44,135
2026-09-14T01:35:14,135
2026-09-14T01:35:44,132
2026-09-14T01:36:14,152
2026-09-14T01:36:44,128
2026-09-14T01:37:14,135
2026-09-14T01:37:44,125
2026-09-14T01:38:14,126
2026-09-14T01:38:44,130
2026-09-14T01:39:14,129
2026-09-14T01:39:44,127
2026-09-14T01:40:14,125
2026-09-14T01:40:45,123
2026-09-14T01:41:15,146
2026-09-14T01:41:45,136
2026-09-14T01:42:15,9
2026-09-14T01:42:45,42
2026-09-14T01:43:15,3
2026-09-14T01:43:45,14
2026-09-14T01:44:15,7
2026-09-14T01:44:45,147
2026-09-14T01:45:15,122
2026-09-14T01:45:45,136
2026-09-14T01:46:15,139
2026-09-14T01:46:45,129
2026-09-14T01:47:15,130
2026-09-14T01:47:45,150
2026-09-14T01:48:16,138
2026-09-14T01:48:46,135
2026-09-14T01:49:16,127
2026-09-14T01:49:46,136
2026-09-14T01:50:16,146
2026-09-14T01:50:46,288
2026-09-14T01:51:16,193
2026-09-14T01:51:46,143
2026-09-14T01:52:16,125
2026-09-14T01:52:46,122
2026-09-14T01:53:16,127
2026-09-14T01:53:46,125
2026-09-14T01:54:16,121
2026-09-14T01:54:46,152
2026-09-14T01:55:16,154
2026-09-14T01:55:46,134
2026-09-14T01:56:17,127
2026-09-14T01:56:47,145
2026-09-14T01:57:17,131
2026-09-14T01:57:47,143
2026-09-14T01:58:17,148
2026-09-14T01:58:47,148
2026-09-14T01:59:17,154
2026-09-14T01:59:47,130
2026-09-14T02:00:17,130
2026-09-14T02:00:47,128
2026-09-14T02:01:17,119
2026-09-14T02:01:47,135
2026-09-14T02:02:17,126
2026-09-14T02:02:47,141
2026-09-14T02:03:17,120
2026-09-14T02:03:48,140
2026-09-14T02:04:18,120
2026-09-14T02:04:48,135
2026-09-14T02:05:18,126
2026-09-14T02:05:48,139
2026-09-14T02:06:18,123
2026-09-14T02:06:48,158
2026-09-14T02:07:18,154
2026-09-14T02:07:48,166
2026-09-14T02:08:18,140
2026-09-14T02:08:48,127
2026-09-14T02:09:18,135
2026-09-14T02:09:48,115
2026-09-14T02:10:18,135
2026-09-14T02:10:48,128
2026-09-14T02:11:19,120
2026-09-14T02:11:49,145
2026-09-14T02:12:19,126
2026-09-14T02:12:49,120
2026-09-14T02:13:19,133
2026-09-14T02:13:49,134
2026-09-14T02:14:19,119
2026-09-14T02:14:49,149
2026-09-14T02:15:19,121
2026-09-14T02:15:49,139
2026-09-14T02:16:19,125
2026-09-14T02:16:49,130
2026-09-14T02:17:19,113
2026-09-14T02:17:49,143
2026-09-14T02:18:19,131
2026-09-14T02:18:49,144
2026-09-14T02:19:20,122
2026-09-14T02:19:50,154
2026-09-14T02:20:20,292
2026-09-14T02:20:50,186
2026-09-14T02:21:20,235
2026-09-14T02:21:50,138
2026-09-14T02:22:20,136
2026-09-14T02:22:50,145
2026-09-14T02:23:20,140
2026-09-14T02:23:50,145
2026-09-14T02:24:20,121
2026-09-14T02:24:50,317
2026-09-14T02:25:20,120
2026-09-14T02:25:50,123
2026-09-14T02:26:20,131
2026-09-14T02:26:51,124
2026-09-14T02:27:21,148
2026-09-14T02:27:51,133
2026-09-14T02:28:21,131
2026-09-14T02:28:51,127
2026-09-14T02:29:21,154
2026-09-14T02:29:51,146
2026-09-14T02:30:21,138
2026-09-14T02:30:51,140
2026-09-14T02:31:21,132
2026-09-14T02:31:51,150
2026-09-14T02:32:21,154
2026-09-14T02:32:51,141
2026-09-14T02:33:21,143
2026-09-14T02:33:51,158
2026-09-14T02:34:22,129
2026-09-14T02:34:52,143
2026-09-14T02:35:22,142
2026-09-14T02:35:52,144
2026-09-14T02:36:22,146
2026-09-14T02:36:52,130
2026-09-14T02:37:22,129
2026-09-14T02:37:52,126
2026-09-14T02:38:22,130
2026-09-14T02:38:52,117
2026-09-14T02:39:22,146
2026-09-14T02:39:52,147
2026-09-14T02:40:22,128
2026-09-14T02:40:52,126
2026-09-14T02:41:22,129
2026-09-14T02:41:52,118
2026-09-14T02:42:23,129
2026-09-14T02:42:53,151
2026-09-14T02:43:23,135
2026-09-14T02:43:53,131
2026-09-14T02:44:23,140
2026-09-14T02:44:53,5
2026-09-14T02:45:23,51
2026-09-14T02:45:53,3
2026-09-14T02:46:23,4
2026-09-14T02:46:53,2
2026-09-14T02:47:23,2
2026-09-14T02:47:53,106
2026-09-14T02:48:23,47
2026-09-14T02:48:53,120
2026-09-14T02:49:23,112
2026-09-14T02:49:54,309
2026-09-14T02:50:24,295
2026-09-14T02:50:54,143
2026-09-14T02:51:24,127
2026-09-14T02:51:54,121
2026-09-14T02:52:24,142
2026-09-14T02:52:54,141
2026-09-14T02:53:24,134
2026-09-14T02:53:54,153
2026-09-14T02:54:24,116
2026-09-14T02:54:54,121
2026-09-14T02:55:24,143
2026-09-14T02:55:54,130
2026-09-14T02:56:24,145
2026-09-14T02:56:55,119
2026-09-14T02:57:25,128
2026-09-14T02:57:55,112
2026-09-14T02:58:25,122
2026-09-14T02:58:55,135
2026-09-14T02:59:25,145
2026-09-14T02:59:55,118
2026-09-14T03:00:25,243
2026-09-14T03:00:55,133
2026-09-14T03:01:25,144
2026-09-14T03:01:55,150
2026-09-14T03:02:25,139
2026-09-14T03:02:55,150
2026-09-14T03:03:25,134
2026-09-14T03:03:55,132
2026-09-14T03:04:26,149
2026-09-14T03:04:56,143
2026-09-14T03:05:26,147
2026-09-14T03:05:56,142
2026-09-14T03:06:26,127
2026-09-14T03:06:56,121
2026-09-14T03:07:26,128
2026-09-14T03:07:56,129
2026-09-14T03:08:26,147
2026-09-14T03:08:56,139
2026-09-14T03:09:26,110
2026-09-14T03:09:56,126
2026-09-14T03:10:26,147
2026-09-14T03:10:56,141
2026-09-14T03:11:26,125
2026-09-14T03:11:57,242
2026-09-14T03:12:27,252
2026-09-14T03:12:57,204
2026-09-14T03:13:27,169
2026-09-14T03:13:57,178
2026-09-14T03:14:27,175
2026-09-14T03:14:57,150
2026-09-14T03:15:27,142
2026-09-14T03:15:57,166
2026-09-14T03:16:27,156
2026-09-14T03:16:57,141
2026-09-14T03:17:27,138
2026-09-14T03:17:57,137
2026-09-14T03:18:27,152
2026-09-14T03:18:57,151
2026-09-14T03:19:28,127
2026-09-14T03:19:58,132
2026-09-14T03:20:28,133
2026-09-14T03:20:58,146
2026-09-14T03:21:28,132
2026-09-14T03:21:58,121
2026-09-14T03:22:28,134
2026-09-14T03:22:58,128
2026-09-14T03:23:28,178
2026-09-14T03:23:58,128
2026-09-14T03:24:28,121
2026-09-14T03:24:58,127
2026-09-14T03:25:28,143
2026-09-14T03:25:58,139
2026-09-14T03:26:28,158
2026-09-14T03:26:59,204
2026-09-14T03:27:29,150
2026-09-14T03:27:59,138
2026-09-14T03:28:29,130
2026-09-14T03:28:59,132
2026-09-14T03:29:29,144
2026-09-14T03:29:59,131
2026-09-14T03:30:29,141
2026-09-14T03:30:59,117
2026-09-14T03:31:29,129
2026-09-14T03:31:59,150
2026-09-14T03:32:29,138
2026-09-14T03:32:59,135
2026-09-14T03:33:29,140
2026-09-14T03:33:59,132
2026-09-14T03:34:30,153
2026-09-14T03:35:00,168
2026-09-14T03:35:30,115
2026-09-14T03:36:00,118
2026-09-14T03:36:30,158
2026-09-14T03:37:00,118
2026-09-14T03:37:30,149
2026-09-14T03:38:00,135
2026-09-14T03:38:30,126
2026-09-14T03:39:00,129
2026-09-14T03:39:30,136
2026-09-14T03:40:00,129
2026-09-14T03:40:30,139
2026-09-14T03:41:00,144
2026-09-14T03:41:30,117
2026-09-14T03:42:01,132
2026-09-14T03:42:31,136
2026-09-14T03:43:01,139
2026-09-14T03:43:31,154
2026-09-14T03:44:01,145
2026-09-14T03:44:31,147
2026-09-14T03:45:01,138
2026-09-14T03:45:31,150
2026-09-14T03:46:01,131
2026-09-14T03:46:31,149
2026-09-14T03:47:01,133
2026-09-14T03:47:31,149
2026-09-14T03:48:01,138
2026-09-14T03:48:31,132
2026-09-14T03:49:01,133
2026-09-14T03:49:32,148
2026-09-14T03:50:02,217
2026-09-14T03:50:32,221
2026-09-14T03:51:02,4
2026-09-14T03:51:32,20
2026-09-14T03:52:02,177
2026-09-14T03:52:32,133
2026-09-14T03:53:02,138
2026-09-14T03:53:32,131
2026-09-14T03:54:02,134
2026-09-14T03:54:32,130
2026-09-14T03:55:02,138
2026-09-14T03:55:32,149
2026-09-14T03:56:02,149
2026-09-14T03:56:32,134
2026-09-14T03:57:03,124
2026-09-14T03:57:33,145
2026-09-14T03:58:03,122
2026-09-14T03:58:33,126
2026-09-14T03:59:03,148
2026-09-14T03:59:33,150
2026-09-14T04:00:03,164
2026-09-14T04:00:33,223
2026-09-14T04:01:03,156
2026-09-14T04:01:33,137
2026-09-14T04:02:03,119
2026-09-14T04:02:33,127
2026-09-14T04:03:03,138
2026-09-14T04:03:33,135
2026-09-14T04:04:03,140
2026-09-14T04:04:34,134
2026-09-14T04:05:04,140
2026-09-14T04:05:34,123
2026-09-14T04:06:04,133
2026-09-14T04:06:34,137
2026-09-14T04:07:04,123
2026-09-14T04:07:34,129
2026-09-14T04:08:04,183
2026-09-14T04:08:34,146
2026-09-14T04:09:04,164
2026-09-14T04:09:34,141
2026-09-14T04:10:04,144
2026-09-14T04:10:34,114
2026-09-14T04:11:04,118
2026-09-14T04:11:34,138
2026-09-14T04:12:04,108
2026-09-14T04:12:34,127
2026-09-14T04:13:05,139
2026-09-14T04:13:35,131
2026-09-14T04:14:05,130
2026-09-14T04:14:35,137
2026-09-14T04:15:05,126
2026-09-14T04:15:35,122
2026-09-14T04:16:05,131
2026-09-14T04:16:35,120
2026-09-14T04:17:05,144
2026-09-14T04:17:35,132
2026-09-14T04:18:05,118
2026-09-14T04:18:35,150
2026-09-14T04:19:05,131
2026-09-14T04:19:35,163
2026-09-14T04:20:05,134
2026-09-14T04:20:36,129
2026-09-14T04:21:06,138
2026-09-14T04:21:36,132
2026-09-14T04:22:06,133
2026-09-14T04:22:36,126
2026-09-14T04:23:06,144
2026-09-14T04:23:36,140
2026-09-14T04:24:06,143
2026-09-14T04:24:36,129
2026-09-14T04:25:06,228
2026-09-14T04:25:36,142
2026-09-14T04:26:06,127
2026-09-14T04:26:36,150
2026-09-14T04:27:06,143
2026-09-14T04:27:36,119
2026-09-14T04:28:07,130
2026-09-14T04:28:37,128
2026-09-14T04:29:07,140
2026-09-14T04:29:37,141
2026-09-14T04:30:07,121
2026-09-14T04:30:37,136
2026-09-14T04:31:07,144
2026-09-14T04:31:37,126
2026-09-14T04:32:07,132
2026-09-14T04:32:37,141
2026-09-14T04:33:07,138
2026-09-14T04:33:37,126
2026-09-14T04:34:07,129
2026-09-14T04:34:37,145
2026-09-14T04:35:07,146
2026-09-14T04:35:38,126
2026-09-14T04:36:08,128
2026-09-14T04:36:38,132
2026-09-14T04:37:08,138
2026-09-14T04:37:38,134
2026-09-14T04:38:08,127
2026-09-14T04:38:38,121
2026-09-14T04:39:08,135
2026-09-14T04:39:38,146
2026-09-14T04:40:08,127
2026-09-14T04:40:38,152
2026-09-14T04:41:08,139
2026-09-14T04:41:38,147
2026-09-14T04:42:08,117
2026-09-14T04:42:38,141
2026-09-14T04:43:09,128
2026-09-14T04:43:39,132
2026-09-14T04:44:09,134
2026-09-14T04:44:39,131
2026-09-14T04:45:09,166
2026-09-14T04:45:39,142
2026-09-14T04:46:09,137
2026-09-14T04:46:39,129
2026-09-14T04:47:09,138
2026-09-14T04:47:39,138
2026-09-14T04:48:09,131
2026-09-14T04:48:39,131
2026-09-14T04:49:09,150
2026-09-14T04:49:39,148
2026-09-14T04:50:09,310
2026-09-14T04:50:40,288
2026-09-14T04:51:10,119
2026-09-14T04:51:40,138
2026-09-14T04:52:10,130
2026-09-14T04:52:40,130
2026-09-14T04:53:10,7
2026-09-14T04:53:40,78
2026-09-14T04:54:10,5
2026-09-14T04:54:40,8
2026-09-14T04:55:10,139
2026-09-14T04:55:40,148
2026-09-14T04:56:10,144
2026-09-14T04:56:40,125
2026-09-14T04:57:10,151
2026-09-14T04:57:40,125
2026-09-14T04:58:11,117
2026-09-14T04:58:41,121
2026-09-14T04:59:11,126
2026-09-14T04:59:41,153
2026-09-14T05:00:11,138
2026-09-14T05:00:41,144
2026-09-14T05:01:11,145
2026-09-14T05:01:41,123
2026-09-14T05:02:11,190
2026-09-14T05:02:41,136
2026-09-14T05:03:11,163
2026-09-14T05:03:41,144
2026-09-14T05:04:11,141
2026-09-14T05:04:41,143
2026-09-14T05:05:11,148
2026-09-14T05:05:42,132
2026-09-14T05:06:12,154
2026-09-14T05:06:42,131
2026-09-14T05:07:12,143
2026-09-14T05:07:42,141
2026-09-14T05:08:12,142
2026-09-14T05:08:42,153
2026-09-14T05:09:12,124
2026-09-14T05:09:42,142
2026-09-14T05:10:12,126
2026-09-14T05:10:42,138
2026-09-14T05:11:12,142
2026-09-14T05:11:42,135
2026-09-14T05:12:12,110
2026-09-14T05:12:42,131
2026-09-14T05:13:13,143
2026-09-14T05:13:43,134
2026-09-14T05:14:13,149
2026-09-14T05:14:43,142
2026-09-14T05:15:13,129
2026-09-14T05:15:43,147
2026-09-14T05:16:13,137
2026-09-14T05:16:43,146
2026-09-14T05:17:13,134
2026-09-14T05:17:43,145
2026-09-14T05:18:13,148
2026-09-14T05:18:43,127
2026-09-14T05:19:13,120
2026-09-14T05:19:43,151
2026-09-14T05:20:13,130
2026-09-14T05:20:44,148
2026-09-14T05:21:14,128
2026-09-14T05:21:44,129
2026-09-14T05:22:14,119
2026-09-14T05:22:44,140
2026-09-14T05:23:14,153
2026-09-14T05:23:44,127
2026-09-14T05:24:14,143
2026-09-14T05:24:44,130
2026-09-14T05:25:14,137
2026-09-14T05:25:44,126
2026-09-14T05:26:14,150
2026-09-14T05:26:44,126
2026-09-14T05:27:14,158
2026-09-14T05:27:45,122
2026-09-14T05:28:15,125
2026-09-14T05:28:45,151
2026-09-14T05:29:15,128
2026-09-14T05:29:45,128
2026-09-14T05:30:15,124
2026-09-14T05:30:45,125
2026-09-14T05:31:15,121
2026-09-14T05:31:45,135
2026-09-14T05:32:15,127
2026-09-14T05:32:45,131
2026-09-14T05:33:15,126
2026-09-14T05:33:45,152
2026-09-14T05:34:15,124
2026-09-14T05:34:45,131
2026-09-14T05:35:15,148
2026-09-14T05:35:46,144
2026-09-14T05:36:16,129
2026-09-14T05:36:46,129
2026-09-14T05:37:16,145
2026-09-14T05:37:46,138
2026-09-14T05:38:16,120
2026-09-14T05:38:46,150
2026-09-14T05:39:16,147
2026-09-14T05:39:46,146
2026-09-14T05:40:16,144
2026-09-14T05:40:46,145
2026-09-14T05:41:16,133
2026-09-14T05:41:46,128
2026-09-14T05:42:16,125
2026-09-14T05:42:46,146
2026-09-14T05:43:17,131
2026-09-14T05:43:47,126
2026-09-14T05:44:17,133
2026-09-14T05:44:47,142
2026-09-14T05:45:17,125
2026-09-14T05:45:47,128
2026-09-14T05:46:17,144
2026-09-14T05:46:47,140
2026-09-14T05:47:17,161
2026-09-14T05:47:47,130
2026-09-14T05:48:17,145
2026-09-14T05:48:47,131
2026-09-14T05:49:17,136
2026-09-14T05:49:47,132
2026-09-14T05:50:17,305
2026-09-14T05:50:48,311
2026-09-14T05:51:18,143
2026-09-14T05:51:48,142
2026-09-14T05:52:18,158
2026-09-14T05:52:48,119
2026-09-14T05:53:18,120
2026-09-14T05:53:48,154
2026-09-14T05:54:18,149
2026-09-14T05:54:48,186
2026-09-14T05:55:18,27
2026-09-14T05:55:48,23
2026-09-14T05:56:18,81
2026-09-14T05:56:48,4
2026-09-14T05:57:18,149
2026-09-14T05:57:48,128
2026-09-14T05:58:19,150
2026-09-14T05:58:49,154
2026-09-14T05:59:19,132
2026-09-14T05:59:49,130
2026-09-14T06:00:19,126
2026-09-14T06:00:49,117
2026-09-14T06:01:19,123
2026-09-14T06:01:49,142
2026-09-14T06:02:19,132
2026-09-14T06:02:49,133
2026-09-14T06:03:19,120
2026-09-14T06:03:49,144
2026-09-14T06:04:19,162
2026-09-14T06:04:49,127
2026-09-14T06:05:19,159
2026-09-14T06:05:50,127
2026-09-14T06:06:20,141
2026-09-14T06:06:50,122
2026-09-14T06:07:20,133
2026-09-14T06:07:50,123
2026-09-14T06:08:20,138
2026-09-14T06:08:50,148
2026-09-14T06:09:20,144
2026-09-14T06:09:50,146
2026-09-14T06:10:20,153
2026-09-14T06:10:50,143
2026-09-14T06:11:20,124
2026-09-14T06:11:50,186
2026-09-14T06:12:20,190
2026-09-14T06:12:50,145
2026-09-14T06:13:20,127
2026-09-14T06:13:51,132
2026-09-14T06:14:21,149
2026-09-14T06:14:51,131
2026-09-14T06:15:21,143
2026-09-14T06:15:51,159
2026-09-14T06:16:21,136
2026-09-14T06:16:51,133
2026-09-14T06:17:21,149
2026-09-14T06:17:51,131
2026-09-14T06:18:21,144
2026-09-14T06:18:51,142
2026-09-14T06:19:21,131
2026-09-14T06:19:51,121
2026-09-14T06:20:21,150
2026-09-14T06:20:51,126
2026-09-14T06:21:22,143
2026-09-14T06:21:52,130
2026-09-14T06:22:22,140
2026-09-14T06:22:52,125
2026-09-14T06:23:22,139
2026-09-14T06:23:52,122
2026-09-14T06:24:22,133
2026-09-14T06:24:52,135
2026-09-14T06:25:22,153
2026-09-14T06:25:52,151
2026-09-14T06:26:22,137
2026-09-14T06:26:52,117
2026-09-14T06:27:22,152
2026-09-14T06:27:52,130
2026-09-14T06:28:22,134
2026-09-14T06:28:53,135
2026-09-14T06:29:23,151
2026-09-14T06:29:53,149
2026-09-14T06:30:23,143
2026-09-14T06:30:53,182
2026-09-14T06:31:23,144
2026-09-14T06:31:53,126
2026-09-14T06:32:23,125
2026-09-14T06:32:53,125
2026-09-14T06:33:23,123
2026-09-14T06:33:53,146
2026-09-14T06:34:23,129
2026-09-14T06:34:53,127
2026-09-14T06:35:23,147
2026-09-14T06:35:53,146
2026-09-14T06:36:24,131
2026-09-14T06:36:54,119
2026-09-14T06:37:24,162
2026-09-14T06:37:54,129
2026-09-14T06:38:24,136
2026-09-14T06:38:54,142
2026-09-14T06:39:24,135
2026-09-14T06:39:54,118
2026-09-14T06:40:24,134
2026-09-14T06:40:54,151
2026-09-14T06:41:24,132
2026-09-14T06:41:54,134
2026-09-14T06:42:24,151
2026-09-14T06:42:54,134
2026-09-14T06:43:24,121
2026-09-14T06:43:55,126
2026-09-14T06:44:25,127
2026-09-14T06:44:55,142
2026-09-14T06:45:25,135
2026-09-14T06:45:55,128
2026-09-14T06:46:25,149
2026-09-14T06:46:55,126
2026-09-14T06:47:25,143
2026-09-14T06:47:55,139
2026-09-14T06:48:25,122
2026-09-14T06:48:55,151
2026-09-14T06:49:25,120
2026-09-14T06:49:55,265
2026-09-14T06:50:25,312
2026-09-14T06:50:56,164
2026-09-14T06:51:26,131
2026-09-14T06:51:56,136
2026-09-14T06:52:26,130
2026-09-14T06:52:56,124
2026-09-14T06:53:26,116
2026-09-14T06:53:56,136
2026-09-14T06:54:26,119
2026-09-14T06:54:56,150
2026-09-14T06:55:26,126
2026-09-14T06:55:56,129
2026-09-14T06:56:26,130
2026-09-14T06:56:56,149
2026-09-14T06:57:26,129
2026-09-14T06:57:56,117
2026-09-14T06:58:27,8
2026-09-14T06:58:57,7
2026-09-14T06:59:27,13
2026-09-14T06:59:57,161
2026-09-14T07:00:27,144
